Source,Target,Weight
PETER_AND_WENDY_Q3435337,PREFACE_TO_THE_LYRICAL_BALLADS_Q7239796,0.5433645844459534
ROBERT_ELSMERE_Q7344052,LONGMAN_ANTHOLOGY_noWikiID,0.6944905519485474
ECLOGUES_Q546203,LONGMAN_ANTHOLOGY_noWikiID,0.5567619502544403
ACALLAM_noWikiID,THE_EDINBURGH_REVIEW_noWikiID,0.4983336329460144
THE_NATURE_OF_GOTHIC_noWikiID,JANE_EYRE_Q182961,0.499362051486969
WOMAN'S_JOURNAL_noWikiID,LONGMAN_ANTHOLOGY_noWikiID,0.6819353401660919
SARTOR_RESARTUS_Q1134140,LONGMAN_ANTHOLOGY_noWikiID,0.6474886834621429
A_VINDICATION_OF_THE_RIGHTS_OF_WOMAN_Q300646,BECKETT_noWikiID,0.6362961530685425
TO_THE_LIGHTHOUSE_Q478016,BIBLE_noWikiID,0.8605557978153229
TO_THE_LIGHTHOUSE_Q478016,THE_EDINBURGH_REVIEW_noWikiID,0.8234597444534302
THE_VISION_noWikiID,JANE_EYRE_Q182961,0.4830888509750366
CHAIGNEAU_noWikiID,THE_PRELUDE_Q1242779,0.5480528175830841
THE_DEMON_LOVER_noWikiID,THE_EDINBURGH_REVIEW_noWikiID,0.6229692697525024
THE_SNAPPER_noWikiID,BIBLE_noWikiID,0.6134740114212036
THE_LIVES_OF_CLEOPATRA_noWikiID,THE_PRELUDE_Q1242779,0.6239754259586334
NIGHT_AND_DAY_Q1610831,BIBLE_noWikiID,0.5422687530517578
JANE_EYRE_Q182961,THE_EDINBURGH_REVIEW_noWikiID,0.8070050328969955
JANE_EYRE_Q182961,THE_SEASONS_noWikiID,0.7075879275798798
JANE_EYRE_Q182961,THE_FLEECE_noWikiID,0.6199279725551605
JANE_EYRE_Q182961,POEMS_OF_OSSIAN_noWikiID,0.5839230120182037
JANE_EYRE_Q182961,ANNUS_MIRABILIS_noWikiID,0.5792213082313538
JANE_EYRE_Q182961,SOLEDAD_BROTHER_noWikiID,0.5703750848770142
JANE_EYRE_Q182961,ESSAYS_AND_REVIEWS_Q5399401,0.5683801472187042
JANE_EYRE_Q182961,SCRIPTURE_noWikiID,0.5513896942138672
JANE_EYRE_Q182961,ARS_POETICA_(HORACE)_Q677997,0.5511425733566284
JANE_EYRE_Q182961,JEREMIAD_noWikiID,0.550627738237381
JANE_EYRE_Q182961,MADOC_noWikiID,0.5496176779270172
JANE_EYRE_Q182961,UNTO_THIS_LAST_Q144132,0.5476295948028564
JANE_EYRE_Q182961,CAOINEADH_AIRT_UÍ_LAOIRE_noWikiID,0.5414201319217682
JANE_EYRE_Q182961,SIGNS_OF_THE_TIMES_noWikiID,0.5398475825786591
JANE_EYRE_Q182961,THE_ENGLISH_noWikiID,0.5373705625534058
JANE_EYRE_Q182961,THE_CHARGE_OF_THE_LIGHT_BRIGADE_noWikiID,0.533406674861908
JANE_EYRE_Q182961,ORBIS_PICTUS_Q655794,0.5332980751991272
JANE_EYRE_Q182961,THE_BARD_noWikiID,0.5278360545635223
JANE_EYRE_Q182961,THE_OLD_LADY_SAYS_noWikiID,0.5237534642219543
JANE_EYRE_Q182961,A_DRUNK_MAN_LOOKS_AT_THE_THISTLE_noWikiID,0.5197540521621704
JANE_EYRE_Q182961,THE_LADY_OF_SHALOTT_noWikiID,0.5147301256656647
JANE_EYRE_Q182961,THE_IRISH_noWikiID,0.5130312740802765
JANE_EYRE_Q182961,SUNSET_SONG_Q3655833,0.5044457316398621
JANE_EYRE_Q182961,ON_A_RAISED_BEACH_noWikiID,0.5023822486400604
JANE_EYRE_Q182961,RIMINI_noWikiID,0.49983400106430054
JANE_EYRE_Q182961,EASTER_1916_noWikiID,0.49868106842041016
JANE_EYRE_Q182961,TOUR_noWikiID,0.4986425042152405
JANE_EYRE_Q182961,THE_BOTANIC_GARDEN_Q7719466,0.49784374237060547
JANE_EYRE_Q182961,THE_CONDUCT_OF_THE_ALLIES_Q17984448,0.4915332794189453
JANE_EYRE_Q182961,ON_THE_STUDY_OF_CELTIC_LITERATURE_noWikiID,0.48582136631011963
JANE_EYRE_Q182961,PROMETHEUS_UNBOUND_Q508181,0.48293447494506836
JANE_EYRE_Q182961,DIVINE_COMEDY_Q40185,0.47861558198928833
JANE_EYRE_Q182961,THE_PROGRESS_OF_POESY_noWikiID,0.47497886419296265
JANE_EYRE_Q182961,THE_CONQUEST_OF_GRANADA_Q3207748,0.4740220308303833
JANE_EYRE_Q182961,THE_LIFE_OF_NELSON_noWikiID,0.47114241123199463
JANE_EYRE_Q182961,THE_REVIEW_noWikiID,0.4699711799621582
JANE_EYRE_Q182961,SAKI_noWikiID,0.4431765079498291
JANE_EYRE_Q182961,THE_METAPHYSICAL_POETS_noWikiID,0.4421747922897339
JANE_EYRE_Q182961,THE_FOUR_AGES_OF_POETRY_noWikiID,0.4413408637046814
COLLECTED_POEMS_(LOVECRAFT)_Q5146035,DRACULA_Q41542,0.5363701581954956
PRIDE_AND_PREJUDICE_Q170583,WELLEK_noWikiID,0.7085345387458801
KUBLA_KHAN_noWikiID,CHAMBERS_noWikiID,0.547291487455368
THE_BOROUGH_noWikiID,LONGMAN_ANTHOLOGY_noWikiID,0.6710130274295807
THE_CRITIC_AS_ARTIST_Q7728129,LONGMAN_ANTHOLOGY_noWikiID,0.517410546541214
THE_BUTCHER_BOY_(NOVEL)_Q43891,LONGMAN_ANTHOLOGY_noWikiID,0.6612697541713715
TÁIN_BÓ_CÚAILNGE_Q399113,LONGMAN_ANTHOLOGY_noWikiID,0.7530418783426285
JULIA_DE_ROUBIGNE_noWikiID,THE_PRELUDE_Q1242779,0.6220908761024475
THE_AMBASSADORS_Q650571,BIBLE_noWikiID,0.5449545681476593
THE_NEW_POETRY_Q4118298,LONGMAN_ANTHOLOGY_noWikiID,0.7099379897117615
CHRIST'S_KIRK_ON_THE_GREEN_noWikiID,LONGMAN_ANTHOLOGY_noWikiID,0.5918123722076416
DÁIBHÍ_Ó_BRUADAIR_noWikiID,DRACULA_Q41542,0.6213124692440033
MEMOIRS_OF_A_CAVALIER_Q6815274,BECKETT_noWikiID,0.5062762200832367
EARLY_LESSONS_noWikiID,BECKETT_noWikiID,0.5395311713218689
DEGENERATION_noWikiID,MIDDLEMARCH_Q313129,0.6346909999847412
THE_DUNCIAD_Q3208398,LONGMAN_ANTHOLOGY_noWikiID,0.6084363758563995
NEW_GRUB_STREET_noWikiID,BIBLE_noWikiID,0.6034723818302155
VRIL_Q510699,THE_PRELUDE_Q1242779,0.6048051714897156
THE_REHEARSAL_(PLAY)_Q3212601,BIBLE_noWikiID,0.4822654128074646
THE_RACHEL_PAPERS_(NOVEL)_Q7759191,BIBLE_noWikiID,0.5926544666290283
MORAL_TALES_noWikiID,LONGMAN_ANTHOLOGY_noWikiID,0.6137219965457916
STRANGE_CASE_OF_DR_JEKYLL_AND_MR_HYDE_Q217352,BIBLE_noWikiID,0.7145655155181885
DANIEL_DERONDA_Q552238,BIBLE_noWikiID,0.6998346745967865
LONDON_LABOUR_AND_THE_LONDON_POOR_Q1217731,DRACULA_Q41542,0.6140002608299255
PARADE'S_END_noWikiID,BIBLE_noWikiID,0.7471306324005127
JAMES_JOYCE_noWikiID,LONGMAN_ANTHOLOGY_noWikiID,0.7506320923566818
CATHERINE_MORLAND_noWikiID,BIBLE_noWikiID,0.5859136283397675
MARY_noWikiID,THE_EDINBURGH_REVIEW_noWikiID,0.5754454433917999
A_PALE_VIEW_OF_HILLS_Q4658705,BIBLE_noWikiID,0.5785941183567047
DAVID_SIMPLE_noWikiID,LONGMAN_ANTHOLOGY_noWikiID,0.651948869228363
SCENES_OF_CLERICAL_LIFE_Q6544172,BECKETT_noWikiID,0.48979896306991577
CONSTABLE_noWikiID,LONGMAN_ANTHOLOGY_noWikiID,0.8481172472238541
THE_SECOND_COMING_noWikiID,MARY_BARTON_Q2607078,0.5069438815116882
THE_CRY_noWikiID,BIBLE_noWikiID,0.527631402015686
THE_BLESSED_DAMOZEL_noWikiID,THE_EDINBURGH_REVIEW_noWikiID,0.5091395080089569
MY_APPRENTICESHIP_noWikiID,LONGMAN_ANTHOLOGY_noWikiID,0.5153399705886841
THE_MAN_OF_THE_WORLD_noWikiID,BIBLE_noWikiID,0.5074004232883453
THE_SPIRIT_OF_THE_AGE_Q7765949,LONGMAN_ANTHOLOGY_noWikiID,0.5465660393238068
HOWITT'S_JOURNAL_noWikiID,LONGMAN_ANTHOLOGY_noWikiID,0.7731544524431229
WIDE_SARGASSO_SEA_Q2268151,BIBLE_noWikiID,0.6403047144412994
THE_BEE_noWikiID,DRACULA_Q41542,0.6233418881893158
THE_ADVENTURES_OF_DAVID_SIMPLE_noWikiID,LONGMAN_ANTHOLOGY_noWikiID,0.5334435999393463
RINGAN_GILHAIZE_noWikiID,LONGMAN_ANTHOLOGY_noWikiID,0.6986638903617859
EDITH_noWikiID,THE_EDINBURGH_REVIEW_noWikiID,0.7076237797737122
ARMS_AND_THE_MAN_Q2646905,LONGMAN_ANTHOLOGY_noWikiID,0.6151652336120605
THE_BEACH_OF_FALESÁ_Q7715970,BIBLE_noWikiID,0.570305347442627
BLEAK_HOUSE_Q883305,BIBLE_noWikiID,0.8300507366657257
NOCTES_AMBROSIANAE_Q7046415,LONGMAN_ANTHOLOGY_noWikiID,0.7566424012184143
SHE_STOOPS_TO_CONQUER_Q2324782,LONGMAN_ANTHOLOGY_noWikiID,0.64058518409729
WALSINGHAM_noWikiID,BECKETT_noWikiID,0.4939858317375183
LETTERS_noWikiID,LONGMAN_ANTHOLOGY_noWikiID,0.6869843006134033
THE_MORNING_CHRONICLE_noWikiID,BECKETT_noWikiID,0.7528347074985504
LETTERS_OF_A_HINDOO_RAJAH_noWikiID,THE_PRELUDE_Q1242779,0.6104392409324646
IVANHOE_Q840974,LONGMAN_ANTHOLOGY_noWikiID,0.87413290143013
MELANCHOLY_noWikiID,THE_EDINBURGH_REVIEW_noWikiID,0.6466563940048218
THE_VILLAGE_noWikiID,BECKETT_noWikiID,0.5787911117076874
SECRET_HISTORY_noWikiID,EXAMINER_noWikiID,0.680217832326889
ENDYMION_(POEM)_Q2083848,DRACULA_Q41542,0.5639619529247284
POEMS_BY_EMINENT_LADIES_noWikiID,LONGMAN_ANTHOLOGY_noWikiID,0.6181187927722931
COMHAR_noWikiID,DRACULA_Q41542,0.5861673653125763
THE_SWISS_FAMILY_ROBINSON_Q665715,BECKETT_noWikiID,0.5257830023765564
ZOFLOYA_Q8073404,BIBLE_noWikiID,0.635165810585022
THE_VAGABOND_noWikiID,BECKETT_noWikiID,0.5729667246341705
THE_HEIR_OF_REDCLYFFE_Q7739314,LONGMAN_ANTHOLOGY_noWikiID,0.6068103313446045
ELEGY_WRITTEN_IN_A_COUNTRY_CHURCHYARD_Q1936762,THE_EDINBURGH_REVIEW_noWikiID,0.5323854088783264
THE_REAL_CHARLOTTE_noWikiID,THE_PRELUDE_Q1242779,0.6067801713943481
THE_MASTER_OF_BALLANTRAE_Q2615930,LONGMAN_ANTHOLOGY_noWikiID,0.4991382360458374
HISTORY_OF_ENGLAND_noWikiID,LONGMAN_ANTHOLOGY_noWikiID,0.6656450629234314
THE_BOYNE_WATER_noWikiID,LONGMAN_ANTHOLOGY_noWikiID,0.5836279690265656
THE_BIG_HOUSE_OF_INVER_noWikiID,LONGMAN_ANTHOLOGY_noWikiID,0.6319089233875275
SONGS_noWikiID,BECKETT_noWikiID,0.5629858374595642
MEN_AND_WOMEN_noWikiID,DRACULA_Q41542,0.498360276222229
ANTONY_AND_CLEOPATRA_Q606830,THE_PRELUDE_Q1242779,0.47670984268188477
THE_EOLIAN_HARP_noWikiID,THE_EDINBURGH_REVIEW_noWikiID,0.5213203132152557
ARRIETTY_noWikiID,THE_EDINBURGH_REVIEW_noWikiID,0.8186710476875305
ARRIETTY_noWikiID,CHILDE_HAROLD'S_PILGRIMAGE_Q1072741,0.6748653650283813
ARRIETTY_noWikiID,THE_CURSE_OF_KEHAMA_noWikiID,0.6408854126930237
ARRIETTY_noWikiID,THE_FAERIE_QUEENE_noWikiID,0.6050430536270142
ARRIETTY_noWikiID,MARIUS_THE_EPICUREAN_Q5477441,0.5601426362991333
THE_NORTHERN_STAR_noWikiID,SPARK_noWikiID,0.5635774731636047
THE_WAVES_Q1217475,QUARTERLY_noWikiID,0.814332440495491
MINSTRELSY_OF_THE_SCOTTISH_BORDER_Q7751599,LONGMAN_ANTHOLOGY_noWikiID,0.6301008462905884
THE_SPLEEN_noWikiID,BECKETT_noWikiID,0.48620128631591797
SALOME_(PLAY)_Q1149498,LONGMAN_ANTHOLOGY_noWikiID,0.5873414278030396
THE_TEMPEST_noWikiID,THE_WESTMINSTER_REVIEW_noWikiID,0.573161780834198
CASSANDRA_noWikiID,BECKETT_noWikiID,0.6310418248176575
THE_POETS_AND_POETRY_OF_MUNSTER_noWikiID,LONGMAN_ANTHOLOGY_noWikiID,0.5486215353012085
A_PAIR_OF_BLUE_EYES_Q2931240,BIBLE_noWikiID,0.5737046599388123
CONFESSIONS_(ROUSSEAU)_Q1207595,LONGMAN_ANTHOLOGY_noWikiID,0.4704408645629883
THE_WELL_OF_LONELINESS_Q1514807,BIBLE_noWikiID,0.6480018496513367
PENNY_MAGAZINE_noWikiID,LONGMAN_ANTHOLOGY_noWikiID,0.7387845814228058
DON_QUIXOTE_Q480,CHAMBERS_noWikiID,0.6663957834243774
THE_JOURNEY_HOME_noWikiID,BIBLE_noWikiID,0.4785137176513672
ASTROPHIL_AND_STELLA_noWikiID,THE_EDINBURGH_REVIEW_noWikiID,0.49133753776550293
THE_YELLOW_DANGER_noWikiID,BIBLE_noWikiID,0.6010327339172363
ROBERT_AUDLEY_noWikiID,THE_EDINBURGH_REVIEW_noWikiID,0.7952640503644943
THE_RING_AND_THE_BOOK_noWikiID,THE_EDINBURGH_REVIEW_noWikiID,0.5090559124946594
MICHAEL_ARMSTRONG_noWikiID,LONGMAN_ANTHOLOGY_noWikiID,0.6511297523975372
THE_RIME_OF_THE_ANCIENT_MARINER_Q708177,DRACULA_Q41542,0.6462418138980865
THE_MERCHANT_OF_VENICE_Q206400,PREFACE_TO_THE_LYRICAL_BALLADS_Q7239796,0.47355926036834717
CORNHILL_noWikiID,LONGMAN_ANTHOLOGY_noWikiID,0.8238534480333328
THE_ART_OF_FICTION_(BOOK)_Q7714451,BIBLE_noWikiID,0.4696195125579834
A_ROOM_OF_ONE'S_OWN_Q1204366,BIBLE_noWikiID,0.5498086512088776
CROME_YELLOW_Q5187582,THE_EDINBURGH_REVIEW_noWikiID,0.6289094686508179
REARDON_noWikiID,THE_PRELUDE_Q1242779,0.5153699219226837
SILLY_NOVELS_BY_LADY_NOVELISTS_noWikiID,LONGMAN_ANTHOLOGY_noWikiID,0.643362283706665
THE_FORSYTE_SAGA_Q735319,LONGMAN_ANTHOLOGY_noWikiID,0.5659424662590027
TREASURE_ISLAND_Q185118,LONGMAN_ANTHOLOGY_noWikiID,0.603785514831543
ENGLISH_REVIEW_noWikiID,LONGMAN_ANTHOLOGY_noWikiID,0.6953794360160828
PERSUASION_(NOVEL)_Q333179,BIBLE_noWikiID,0.5731898248195648
THE_BOY'S_OWN_PAPER_noWikiID,BECKETT_noWikiID,0.6720989644527435
THE_ODD_WOMEN_Q7754692,LONGMAN_ANTHOLOGY_noWikiID,0.6141739785671234
THE_ATHENAEUM_noWikiID,LONGMAN_ANTHOLOGY_noWikiID,0.5307543575763702
THE_COUNTESS_OF_PEMBROKE'S_ARCADIA_Q4069405,LONGMAN_ANTHOLOGY_noWikiID,0.5436387658119202
MANFRED_Q1889169,CHAMBERS_noWikiID,0.7744235545396805
CLEAR_LIGHT_OF_DAY_Q3667522,BIBLE_noWikiID,0.533048540353775
THE_MONK_Q2659564,LONGMAN_ANTHOLOGY_noWikiID,0.6967535018920898
STUDIES_IN_THE_HISTORY_OF_THE_RENAISSANCE_noWikiID,MARY_BARTON_Q2607078,0.4699382781982422
THE_PLEASURES_OF_EXILE_noWikiID,BIBLE_noWikiID,0.6234247982501984
JACOB'S_ROOM_Q1677745,BIBLE_noWikiID,0.70063915848732
THE_FEMALE_TATLER_noWikiID,LONGMAN_ANTHOLOGY_noWikiID,0.6274709105491638
"THE_HISTORY_OF_RASSELAS,_PRINCE_OF_ABYSSINIA_Q3419875",COLLOQUY_noWikiID,0.5565948486328125
"THE_GOVERNESS;_OR,_THE_LITTLE_FEMALE_ACADEMY_Q7737400",LONGMAN_ANTHOLOGY_noWikiID,0.631820797920227
TEMORA_noWikiID,MIDDLEMARCH_Q313129,0.6083493530750275
SANDITON_Q3180417,BIBLE_noWikiID,0.5074298083782196
THE_BOOK_OF_EVIDENCE_Q3824337,BIBLE_noWikiID,0.5664434731006622
A_DOLL'S_HOUSE_Q669694,LONGMAN_ANTHOLOGY_noWikiID,0.5831268429756165
THE_ABSENTEE_Q7712149,LONGMAN_ANTHOLOGY_noWikiID,0.7543344646692276
THE_DARK_noWikiID,THE_PRELUDE_Q1242779,0.5832561254501343
THE_DESCENT_OF_MAN_AND_SELECTION_IN_RELATION_TO_SEX_Q1165434,LADY_AUDLEY_noWikiID,0.5992839336395264
MAUS_Q59696,LONGMAN_ANTHOLOGY_noWikiID,0.6058259010314941
THE_FAMILY_INSTRUCTOR_noWikiID,DRACULA_Q41542,0.5175221264362335
THE_ANATOMY_OF_MELANCHOLY_Q469755,THE_EDINBURGH_REVIEW_noWikiID,0.4545336961746216
SONNETS_FROM_THE_PORTUGUESE_noWikiID,DRACULA_Q41542,0.526237964630127
CLITANDER_noWikiID,BLACKWOOD'S_noWikiID,0.6178117394447327
THE_DOCTOR'S_WIFE_(MOORE_NOVEL)_Q7730467,LONGMAN_ANTHOLOGY_noWikiID,0.5982504785060883
LADY_WINDERMERE'S_FAN_Q1469224,BIBLE_noWikiID,0.6245377659797668
A_MAN_COULD_STAND_UP_—_Q4658064,BIBLE_noWikiID,0.5486413240432739
THE_PILGRIM'S_PROGRESS_Q268211,LONGMAN_ANTHOLOGY_noWikiID,0.7534964978694916
PREFACE_TO_THE_LYRICAL_BALLADS_Q7239796,DRACULA_Q41542,0.7487236261367798
PREFACE_TO_THE_LYRICAL_BALLADS_Q7239796,THE_NATURE_OF_BLOOD_noWikiID,0.5538417398929596
DON_JUAN_(POEM)_Q1245187,DRACULA_Q41542,0.6620872914791107
THE_VANITY_OF_HUMAN_WISHES_noWikiID,DRACULA_Q41542,0.5567425191402435
LESSONS_FOR_CHILDREN_Q3004469,LONGMAN_ANTHOLOGY_noWikiID,0.5712878406047821
A_DRAMA_IN_MUSLIN_noWikiID,LONGMAN_ANTHOLOGY_noWikiID,0.7251469492912292
FUGE_noWikiID,THE_WESTMINSTER_REVIEW_noWikiID,0.5173078179359436
ORANGES_ARE_NOT_THE_ONLY_FRUIT_Q4843750,LONGMAN_ANTHOLOGY_noWikiID,0.6564629673957825
EIGHTEEN_HUNDRED_AND_ELEVEN_Q5349049,BIBLE_noWikiID,0.5966327786445618
ACALLAM_NA_SENÓRACH_noWikiID,LONGMAN_ANTHOLOGY_noWikiID,0.49815064668655396
THE_GIRLHOOD_OF_MARY_VIRGIN_noWikiID,BECKETT_noWikiID,0.5320840775966644
MARIA:_OR_THE_WRONGS_OF_WOMAN_Q890170,LONGMAN_ANTHOLOGY_noWikiID,0.6652883291244507
THE_TAKEOVER_noWikiID,BIBLE_noWikiID,0.543899267911911
CASA_GUIDI_WINDOWS_noWikiID,BECKETT_noWikiID,0.4929424524307251
RIGHTS_OF_MAN_Q979108,SPARK_noWikiID,0.787629559636116
THE_SILVER_TASSIE_(PLAY)_Q7764318,BIBLE_noWikiID,0.5203588008880615
NO_NAME_(NOVEL)_Q7044605,BIBLE_noWikiID,0.6527641713619232
BEACHY_HEAD_noWikiID,BECKETT_noWikiID,0.48124122619628906
FELIX_HOLT_THE_RADICAL_Q5442230,LONGMAN_ANTHOLOGY_noWikiID,0.57713183760643
BOOK_OF_RUTH_Q80038,LONGMAN_ANTHOLOGY_noWikiID,0.5875557959079742
LIVES_AND_CHARACTERS_OF_THE_MOST_EMINENT_WRITERS_OF_THE_SCOTS_NATION_noWikiID,DRACULA_Q41542,0.558984100818634
"THE_HISTORY_OF_TOM_JONES,_A_FOUNDLING_Q248096",LONGMAN_ANTHOLOGY_noWikiID,0.7668266147375107
LADY_AUDLEY'S_SECRET_Q2738351,BIBLE_noWikiID,0.8163607269525528
LADY_AUDLEY'S_SECRET_Q2738351,POETRY_AND_PROSE_noWikiID,0.7172035574913025
LADY_AUDLEY'S_SECRET_Q2738351,A_DEFENCE_OF_POETRY_Q3707362,0.6677436232566833
LADY_AUDLEY'S_SECRET_Q2738351,THE_MARRIAGE_OF_HEAVEN_AND_HELL_Q1132673,0.6385321617126465
LADY_AUDLEY'S_SECRET_Q2738351,TWO_TREATISES_OF_GOVERNMENT_Q231949,0.6145416796207428
LADY_AUDLEY'S_SECRET_Q2738351,SOME_THOUGHTS_CONCERNING_EDUCATION_Q2471642,0.598662257194519
LADY_AUDLEY'S_SECRET_Q2738351,A_LETTER_CONCERNING_TOLERATION_Q914139,0.5632718801498413
LADY_AUDLEY'S_SECRET_Q2738351,THE_ELEMENTS_OF_CRITICISM_noWikiID,0.5595402121543884
LADY_AUDLEY'S_SECRET_Q2738351,THE_DESERTED_VILLAGE_Q16385462,0.5544730722904205
LADY_AUDLEY'S_SECRET_Q2738351,THE_HIDDEN_IRELAND_noWikiID,0.5522709488868713
LADY_AUDLEY'S_SECRET_Q2738351,CHARACTERISTICS_noWikiID,0.5422238111495972
LADY_AUDLEY'S_SECRET_Q2738351,THREE_DIALOGUES_BETWEEN_HYLAS_AND_PHILONOUS_Q3110883,0.5421049296855927
LADY_AUDLEY'S_SECRET_Q2738351,THE_DECAY_OF_LYING_Q7729495,0.5332176089286804
LADY_AUDLEY'S_SECRET_Q2738351,AN_ENQUIRY_CONCERNING_HUMAN_UNDERSTANDING_Q1306656,0.5329287648200989
LADY_AUDLEY'S_SECRET_Q2738351,ODE_ON_MELANCHOLY_noWikiID,0.5294955968856812
LADY_AUDLEY'S_SECRET_Q2738351,PAST_AND_PRESENT_(BOOK)_Q7142925,0.5150433778762817
LADY_AUDLEY'S_SECRET_Q2738351,MAC_AMHLAIGH_noWikiID,0.5009300410747528
LADY_AUDLEY'S_SECRET_Q2738351,BRUCE_noWikiID,0.48608940839767456
LADY_AUDLEY'S_SECRET_Q2738351,THE_INTERPRETERS_noWikiID,0.47579532861709595
LADY_AUDLEY'S_SECRET_Q2738351,THE_PRINCIPLES_OF_PSYCHOLOGY_noWikiID,0.44787031412124634
THE_NATURAL_HISTORY_OF_GERMAN_LIFE_noWikiID,LONGMAN_ANTHOLOGY_noWikiID,0.658133864402771
THE_TURN_OF_THE_SCREW_Q625923,BIBLE_noWikiID,0.7210797071456909
THE_CHILD'S_GARDEN_OF_VERSES_Q4655846,THE_EDINBURGH_REVIEW_noWikiID,0.51215660572052
THE_GIAOUR_noWikiID,LONGMAN_ANTHOLOGY_noWikiID,0.5367644429206848
THE_FEMALE_QUIXOTE_Q1404172,LONGMAN_ANTHOLOGY_noWikiID,0.6525152921676636
TAIT_noWikiID,LONGMAN_ANTHOLOGY_noWikiID,0.8276837468147278
THE_MASK_OF_ANARCHY_noWikiID,SPARK_noWikiID,0.5627400279045105
THE_DUTCH_LOVER_Q65052928,THE_EDINBURGH_REVIEW_noWikiID,0.5720878839492798
DOMBEY_AND_SON_Q963659,THE_EDINBURGH_REVIEW_noWikiID,0.7495548725128174
DOMBEY_AND_SON_Q963659,MANDEVILLE_noWikiID,0.6837282776832581
DOMBEY_AND_SON_Q963659,REFLECTIONS_noWikiID,0.6649072766304016
BLACKWOOD'S_EDINBURGH_MAGAZINE_noWikiID,LONGMAN_ANTHOLOGY_noWikiID,0.9682282321155071
IN_SEARCH_OF_LOST_TIME_Q464928,BIBLE_noWikiID,0.5469619631767273
THE_STORY_OF_AN_AFRICAN_FARM_Q7766827,LONGMAN_ANTHOLOGY_noWikiID,0.7962400913238525
ESSAY_SUPPLEMENTARY_TO_THE_PREFACE_noWikiID,THE_GENTLEMAN'S_MAGAZINE_noWikiID,0.597831130027771
TRAITS_AND_STORIES_OF_THE_IRISH_PEASANTRY_noWikiID,LONGMAN_ANTHOLOGY_noWikiID,0.6690437197685242
AN_ESSAY_ON_CRITICISM_noWikiID,ORMOND_noWikiID,0.6349960565567017
LITERATURE_AT_NURSE;_OR_CIRCULATING_MORALS_noWikiID,LONGMAN_ANTHOLOGY_noWikiID,0.6437234282493591
SILAS_MARNER_Q638327,BIBLE_noWikiID,0.6277692914009094
IN_MEMORIAM_noWikiID,ORMOND_noWikiID,0.6919559240341187
RELIGIO_LAICI_Q3424349,MARY_BARTON_Q2607078,0.5619649887084961
CECILIA_Q3233990,BIBLE_noWikiID,0.4999585747718811
THE_MEMOIRS_OF_MISS_SIDNEY_BIDULPH_noWikiID,LONGMAN_ANTHOLOGY_noWikiID,0.6073895692825317
GAUDY_NIGHT_Q2464821,LYRICAL_BALLADS_Q738958,0.6116098761558533
THE_HEAVENLY_TWINS_noWikiID,THE_PRELUDE_Q1242779,0.7989479899406433
THE_HEAVENLY_TWINS_noWikiID,PARADISE_LOST_Q28754,0.7386741936206818
THE_HEAVENLY_TWINS_noWikiID,TINTERN_ABBEY_noWikiID,0.6604937016963959
TITHONUS_noWikiID,THE_EDINBURGH_REVIEW_noWikiID,0.7214091420173645
FINGERSMITH_(NOVEL)_Q2756027,BIBLE_noWikiID,0.6282025575637817
PORTRAIT_noWikiID,BIBLE_noWikiID,0.4877449870109558
MISCELLANY_POEMS_noWikiID,DRACULA_Q41542,0.6680492758750916
WHAT_MAISIE_KNEW_Q2943614,BIBLE_noWikiID,0.5795528590679169
THE_EXAMINER_noWikiID,LONGMAN_ANTHOLOGY_noWikiID,0.8340685665607452
SHIRLEY_(NOVEL)_Q615175,LONGMAN_ANTHOLOGY_noWikiID,0.639457494020462
THE_PURLOINED_LETTER_noWikiID,BECKETT_noWikiID,0.45794910192489624
APOLOGY_(PLATO)_Q273668,DRACULA_Q41542,0.5172291994094849
THE_TRIUMPH_OF_LIFE_noWikiID,CHAMBERS_noWikiID,0.5641621053218842
JOLAS_noWikiID,MARY_BARTON_Q2607078,0.557438850402832
A_MODERN_LOVER_noWikiID,LONGMAN_ANTHOLOGY_noWikiID,0.6462112665176392
THE_LAST_JUDGMENT_noWikiID,THE_WESTMINSTER_REVIEW_noWikiID,0.582887202501297
PETER_RABBIT_noWikiID,THE_EDINBURGH_REVIEW_noWikiID,0.5195639431476593
CASABIANCA_noWikiID,BECKETT_noWikiID,0.5442218780517578
WATCHMEN_noWikiID,BIBLE_noWikiID,0.6380308270454407
BIBLE_noWikiID,BECKETT_noWikiID,0.9329819530248642
BIBLE_noWikiID,MRS_DALLOWAY_Q752584,0.8844487369060516
BIBLE_noWikiID,SPARK_noWikiID,0.8709529638290405
BIBLE_noWikiID,DRACULA_Q41542,0.8669815361499786
BIBLE_noWikiID,LITTLE_DORRIT_Q565638,0.8110353052616119
BIBLE_noWikiID,HEART_OF_DARKNESS_Q129778,0.8080063909292221
BIBLE_noWikiID,THE_MOONSTONE_Q2362563,0.8017341643571854
BIBLE_noWikiID,THE_GOLDEN_NOTEBOOK_Q784986,0.7732563763856888
BIBLE_noWikiID,THE_TIME_MACHINE_Q627333,0.7705327272415161
BIBLE_noWikiID,THE_WOMAN_IN_WHITE_(NOVEL)_Q1212672,0.7685429751873016
BIBLE_noWikiID,WOMEN_IN_LOVE_Q2443714,0.7685059309005737
BIBLE_noWikiID,THE_SATANIC_VERSES_Q191288,0.7673254758119583
BIBLE_noWikiID,MIDDLEMARCH_Q313129,0.7668781131505966
BIBLE_noWikiID,ULYSSES_(NOVEL)_Q6511,0.7614450603723526
BIBLE_noWikiID,JUDE_THE_OBSCURE_Q1248773,0.7571645528078079
BIBLE_noWikiID,THE_PICTURE_OF_DORIAN_GRAY_Q82464,0.7548430413007736
BIBLE_noWikiID,THE_WOMAN_IN_WHITE_noWikiID,0.7530805915594101
BIBLE_noWikiID,MALONE_DIES_Q540991,0.7506805956363678
BIBLE_noWikiID,THE_DRIVER'S_SEAT_noWikiID,0.745476245880127
BIBLE_noWikiID,TARR_Q3515799,0.744922399520874
BIBLE_noWikiID,ABSALOM_noWikiID,0.7447414398193359
BIBLE_noWikiID,THE_MILL_ON_THE_FLOSS_Q1215018,0.7428964078426361
BIBLE_noWikiID,CAL_Q1026116,0.7423085868358612
BIBLE_noWikiID,MARY_OLIVIER_noWikiID,0.7398067116737366
BIBLE_noWikiID,MOLLOY_(NOVEL)_Q1971806,0.7394344210624695
BIBLE_noWikiID,ULYSSES_noWikiID,0.7393018901348114
BIBLE_noWikiID,TESS_OF_THE_D'URBERVILLES_Q649409,0.7372559309005737
BIBLE_noWikiID,THE_ISLAND_OF_DOCTOR_MOREAU_Q718268,0.7352953255176544
BIBLE_noWikiID,THE_SOUND_noWikiID,0.7344167530536652
BIBLE_noWikiID,THE_LAST_SEPTEMBER_Q1199395,0.7301743626594543
BIBLE_noWikiID,WUTHERING_HEIGHTS_Q202975,0.7277107834815979
BIBLE_noWikiID,THE_GREAT_GOD_PAN_Q1394704,0.7260757982730865
BIBLE_noWikiID,VANITY_FAIR_(NOVEL)_Q612836,0.7236248254776001
BIBLE_noWikiID,THE_HEAT_OF_THE_DAY_Q7739239,0.711784690618515
BIBLE_noWikiID,THE_OLD_CURIOSITY_SHOP_Q2700616,0.7103798985481262
BIBLE_noWikiID,POSSESSION_(BYATT_NOVEL)_Q428581,0.7092202603816986
BIBLE_noWikiID,OUR_MUTUAL_FRIEND_Q1557935,0.7086068093776703
BIBLE_noWikiID,THE_LAST_MAN_noWikiID,0.6995028257369995
BIBLE_noWikiID,THE_RAINBOW_noWikiID,0.698540598154068
BIBLE_noWikiID,LOOK_BACK_IN_ANGER_Q884005,0.6881634593009949
BIBLE_noWikiID,A_CLOCKWORK_ORANGE_Q692557,0.6877687871456146
BIBLE_noWikiID,THE_RETURN_OF_THE_SOLDIER_(PLAY)_Q86754000,0.687418520450592
BIBLE_noWikiID,GREAT_EXPECTATIONS_Q219552,0.6832197904586792
BIBLE_noWikiID,THE_WASTE_LAND_Q581458,0.6785523295402527
BIBLE_noWikiID,THE_SLEEPER_AWAKES_Q650949,0.6777420341968536
BIBLE_noWikiID,A_PORTRAIT_OF_THE_ARTIST_AS_A_YOUNG_MAN_Q465360,0.677055299282074
BIBLE_noWikiID,THE_SECRET_AGENT_Q1247666,0.6723632514476776
BIBLE_noWikiID,DAVID_COPPERFIELD_Q189811,0.6703433096408844
BIBLE_noWikiID,THE_BUDDHA_OF_SUBURBIA_(NOVEL)_Q1192689,0.6685952246189117
BIBLE_noWikiID,MIDNIGHT'S_CHILDREN_Q625764,0.6656069457530975
BIBLE_noWikiID,NEVER_LET_ME_GO_noWikiID,0.6626446843147278
BIBLE_noWikiID,ORLANDO_noWikiID,0.6621117293834686
BIBLE_noWikiID,SONS_AND_LOVERS_Q80771,0.6612683832645416
BIBLE_noWikiID,ARMADALE_Q4792516,0.6554314494132996
BIBLE_noWikiID,THE_WANDERER_noWikiID,0.6543319225311279
BIBLE_noWikiID,SAVED_(PLAY)_Q3474413,0.653938353061676
BIBLE_noWikiID,THE_APES_OF_GOD_Q7713979,0.6537282764911652
BIBLE_noWikiID,THE_VOYAGE_OUT_Q599198,0.6517564356327057
BIBLE_noWikiID,THE_IMPORTANCE_OF_BEING_ERNEST_Q830501,0.6414105892181396
BIBLE_noWikiID,MODERN_FICTION_(ESSAY)_Q16387059,0.6413831412792206
BIBLE_noWikiID,THE_LAW_AND_THE_LADY_(NOVEL)_Q3480742,0.6412706673145294
BIBLE_noWikiID,LADY_CHATTERLEY'S_LOVER_Q750670,0.6407948732376099
BIBLE_noWikiID,THE_BETH_BOOK_noWikiID,0.6399500966072083
BIBLE_noWikiID,ORLANDO:_A_BIOGRAPHY_Q1629456,0.6390919983386993
BIBLE_noWikiID,TIPPING_THE_VELVET_(PLAY)_Q19954867,0.6380859911441803
BIBLE_noWikiID,THE_COMFORTERS_Q7726941,0.6352637410163879
BIBLE_noWikiID,A_PASSAGE_TO_INDIA_Q622303,0.6349440813064575
BIBLE_noWikiID,CRASH_Q1093988,0.6337087154388428
BIBLE_noWikiID,AYESHA_(NOVEL)_Q2604590,0.6327690482139587
BIBLE_noWikiID,THE_YEARS_Q1616684,0.6301210820674896
BIBLE_noWikiID,THE_HUMAN_FACTOR_(NOVEL)_Q11097398,0.627732127904892
BIBLE_noWikiID,ANN_VERONICA_Q1247736,0.6263020932674408
BIBLE_noWikiID,THE_HOTHOUSE_BY_THE_EAST_RIVER_noWikiID,0.6239801943302155
BIBLE_noWikiID,MINTY_ALLEY_Q6869700,0.6219960749149323
BIBLE_noWikiID,CHILDREN_OF_VIOLENCE_noWikiID,0.6199133098125458
BIBLE_noWikiID,THE_ITALIAN_noWikiID,0.6175894439220428
BIBLE_noWikiID,AN_BÉAL_BOCHT_Q3776389,0.6131907403469086
BIBLE_noWikiID,THE_ARRIVANTS_noWikiID,0.6116031110286713
BIBLE_noWikiID,THE_PLOUGH_AND_THE_STARS_Q7757527,0.6079936623573303
BIBLE_noWikiID,THE_RAJ_QUARTET_noWikiID,0.607500433921814
BIBLE_noWikiID,A_STUDY_IN_SCARLET_Q223131,0.6065016090869904
BIBLE_noWikiID,IN_THE_CASTLE_OF_MY_SKIN_Q23307454,0.6041814386844635
BIBLE_noWikiID,THE_RETURN_OF_THE_NATIVE_Q141568,0.602293461561203
BIBLE_noWikiID,NOSTROMO_Q430248,0.6018936932086945
BIBLE_noWikiID,THE_GOLDEN_BOWL_Q1248585,0.5993644297122955
BIBLE_noWikiID,A_DANCE_TO_THE_MUSIC_OF_TIME_noWikiID,0.5988522171974182
BIBLE_noWikiID,A_SCOTS_QUAIR_noWikiID,0.5969347059726715
BIBLE_noWikiID,THE_SEA_THE_SEA_Q3794562,0.5967393219470978
BIBLE_noWikiID,AFFINITY_(NOVEL)_Q4688970,0.5962646305561066
BIBLE_noWikiID,OTHELLO_Q26833,0.596213161945343
BIBLE_noWikiID,THE_FRENCH_LIEUTENANT'S_WOMAN_Q1268075,0.5951941013336182
BIBLE_noWikiID,THE_FEMALE_DETECTIVE_noWikiID,0.5928935110569
BIBLE_noWikiID,THE_noWikiID,0.5912490785121918
BIBLE_noWikiID,THE_LAND_OF_SPICES_noWikiID,0.5900254845619202
BIBLE_noWikiID,SATURDAY_NIGHT_AND_SUNDAY_MORNING_Q444395,0.5867356657981873
BIBLE_noWikiID,THE_MIMIC_MEN_Q16387020,0.5863716304302216
BIBLE_noWikiID,A_BRIGHTER_SUN_noWikiID,0.5858169496059418
BIBLE_noWikiID,MIGUEL_STREET_Q6844813,0.584978312253952
BIBLE_noWikiID,THE_ATROCITY_EXHIBITION_Q1083082,0.5838189721107483
BIBLE_noWikiID,RUMPELSTILTSKIN_Q322188,0.5802167057991028
BIBLE_noWikiID,THE_WAR_OF_THE_WORLDS_Q627333,0.5767201781272888
BIBLE_noWikiID,THE_SECRET_GARDEN_Q472194,0.574565052986145
BIBLE_noWikiID,THE_WOODLANDERS_Q2254480,0.5740151107311249
BIBLE_noWikiID,THE_GOOD_SOLDIER_Q767802,0.5706973075866699
BIBLE_noWikiID,ANIMAL_FARM_Q1396889,0.5680400729179382
BIBLE_noWikiID,JOURNEY'S_END_Q12833234,0.567750483751297
BIBLE_noWikiID,THE_BUSCONDUCTOR_HINES_Q16849669,0.5672387480735779
BIBLE_noWikiID,HOW_LATE_IT_WAS_HOW_LATE_Q2076441,0.5668395459651947
BIBLE_noWikiID,JOURNEY_TO_THE_BORDER_noWikiID,0.5664468109607697
BIBLE_noWikiID,THE_REMAINS_OF_THE_DAY_Q829934,0.5660607814788818
BIBLE_noWikiID,MADAME_BOVARY_Q193417,0.5625494420528412
BIBLE_noWikiID,THE_COMMITMENTS_(NOVEL)_Q1532325,0.5597078204154968
BIBLE_noWikiID,GOODBYE_TO_ALL_THAT_Q2356106,0.5594892501831055
BIBLE_noWikiID,OBSERVE_THE_SONS_OF_ULSTER_MARCHING_TOWARDS_THE_SOMME_Q7075477,0.5585357844829559
BIBLE_noWikiID,THE_THIRD_POLICEMAN_Q2483345,0.5578846037387848
BIBLE_noWikiID,A_WOMAN_OF_NO_IMPORTANCE_Q203585,0.5562984645366669
BIBLE_noWikiID,BETWEEN_THE_ACTS_Q2342630,0.5561758875846863
BIBLE_noWikiID,THE_DIARY_OF_A_NOBODY_Q864150,0.555555671453476
BIBLE_noWikiID,UNDER_WESTERN_EYES_(NOVEL)_Q3685905,0.5553522408008575
BIBLE_noWikiID,THE_MAYOR_OF_CASTERBRIDGE_Q2343169,0.5544476509094238
BIBLE_noWikiID,THE_SYMBOLIST_MOVEMENT_IN_LITERATURE_Q7767807,0.553259402513504
BIBLE_noWikiID,THE_BORROWERS_noWikiID,0.5519284605979919
BIBLE_noWikiID,PAMELA_noWikiID,0.5489824116230011
BIBLE_noWikiID,BLOMKVIST_noWikiID,0.5466941297054291
BIBLE_noWikiID,GHOSTS_(PLAY)_Q1434818,0.5454029142856598
BIBLE_noWikiID,UNE_TEMPÊTE_Q1237741,0.544992983341217
BIBLE_noWikiID,JUNO_AND_THE_PAYCOCK_Q14689155,0.5445444285869598
BIBLE_noWikiID,AN_IDEAL_HUSBAND_Q1143075,0.5441404283046722
BIBLE_noWikiID,AN_ARTIST_OF_THE_FLOATING_WORLD_Q4003685,0.5433531105518341
BIBLE_noWikiID,THE_PENGUIN_BOOK_OF_CONTEMPORARY_BRITISH_POETRY_noWikiID,0.542969822883606
BIBLE_noWikiID,A_SENTIMENTAL_JOURNEY_THROUGH_FRANCE_AND_ITALY_Q768792,0.5418277978897095
BIBLE_noWikiID,THE_RIDDLE_OF_THE_SANDS_Q1170204,0.5417420268058777
BIBLE_noWikiID,ON_BEAUTY_Q1994900,0.541041761636734
BIBLE_noWikiID,THE_PLAYBOY_OF_THE_WESTERN_WORLD_Q451517,0.5394831001758575
BIBLE_noWikiID,SEETA_noWikiID,0.538547158241272
BIBLE_noWikiID,AN_OUTPOST_OF_PROGRESS_Q1305308,0.5384697020053864
BIBLE_noWikiID,AN_APOLOGY_FOR_THE_LIFE_OF_MRS._SHAMELA_ANDREWS_Q2743569,0.5376315116882324
BIBLE_noWikiID,MERCIAN_HYMNS_noWikiID,0.5346435308456421
BIBLE_noWikiID,THE_WELSH_GIRL_noWikiID,0.5290794968605042
BIBLE_noWikiID,THE_BELLS_(PLAY)_Q7716455,0.5274593830108643
BIBLE_noWikiID,ALBERT_ANGELO_Q4709639,0.5267186462879181
BIBLE_noWikiID,DEATH_OF_A_HERO_Q5247568,0.526209682226181
BIBLE_noWikiID,THE_REVENGE_FOR_LOVE_noWikiID,0.5231096148490906
BIBLE_noWikiID,BRAVE_NEW_WORLD_Q191949,0.5209497213363647
BIBLE_noWikiID,THE_STAR_FACTORY_noWikiID,0.5192233026027679
BIBLE_noWikiID,WIDE_SARAGOSSA_SEA_Q2268151,0.5176199972629547
BIBLE_noWikiID,PLAY_FOR_TODAY_noWikiID,0.5174309611320496
BIBLE_noWikiID,JEKYLL_AND_HYDE_noWikiID,0.5173703730106354
BIBLE_noWikiID,LITTLE_GIDDING_noWikiID,0.5168744325637817
BIBLE_noWikiID,FAITH_HEALER_Q5431193,0.5160174667835236
BIBLE_noWikiID,THE_MASTER_Q370841,0.5160150229930878
BIBLE_noWikiID,BEPPO_(POEM)_Q2896845,0.5103937983512878
BIBLE_noWikiID,"THE_NIGGER_OF_THE_""NARCISSUS""_Q478537",0.508141040802002
BIBLE_noWikiID,A_TALE_OF_A_TUB_Q2353123,0.5062323808670044
BIBLE_noWikiID,A_MODEST_PROPOSAL_Q264143,0.5058411061763763
BIBLE_noWikiID,THE_WAY_OF_THE_WORLD_Q723947,0.5055710673332214
BIBLE_noWikiID,MISTER_JOHNSON_Q16387051,0.5032756924629211
BIBLE_noWikiID,GOBLIN_MARKET_noWikiID,0.5025086104869843
BIBLE_noWikiID,MY_LAST_DUCHESS_Q2465048,0.4994465112686157
BIBLE_noWikiID,BACK_noWikiID,0.49940091371536255
BIBLE_noWikiID,MARY_OLIVIER:_A_LIFE_noWikiID,0.4985612630844116
BIBLE_noWikiID,THE_CRITIC_(PLAY)_Q7728122,0.4975650906562805
BIBLE_noWikiID,THE_CITY_OF_DREADFUL_NIGHT_noWikiID,0.4960278272628784
BIBLE_noWikiID,CHATTERTON_Q114761807,0.4959946274757385
BIBLE_noWikiID,DART_noWikiID,0.4957084059715271
BIBLE_noWikiID,THE_REVOLT_OF_ISLAM_noWikiID,0.4949633479118347
BIBLE_noWikiID,THE_PRIME_OF_MISS_JEAN_BRODIE_(NOVEL)_Q2074335,0.49320101737976074
BIBLE_noWikiID,A_MIDSUMMER_NIGHT'S_DREAM_Q104871,0.49165505170822144
BIBLE_noWikiID,THE_LIFE_AND_DEATH_OF_HARRIETT_FREAN_noWikiID,0.4913116693496704
BIBLE_noWikiID,THE_ANTIQUARY_Q1157183,0.48559826612472534
BIBLE_noWikiID,MÁIRÍN_NIC_EOIN_noWikiID,0.4851515293121338
BIBLE_noWikiID,STEPHEN_HERO_Q2070762,0.4848637580871582
BIBLE_noWikiID,THE_EMIGRANTS_(SEBALD_NOVEL)_Q1211151,0.48359179496765137
BIBLE_noWikiID,FEARS_IN_SOLITUDE_noWikiID,0.48127591609954834
BIBLE_noWikiID,FUN_HOME_Q428680,0.4802618622779846
BIBLE_noWikiID,FATHER_AND_SON_noWikiID,0.4776340126991272
BIBLE_noWikiID,THE_INTERPRETATION_OF_DREAMS_Q726382,0.4762784242630005
BIBLE_noWikiID,THE_STOLEN_CHILD_noWikiID,0.4722195267677307
BIBLE_noWikiID,THE_NIGHTINGALE_(FAIRY_TALE)_Q1200454,0.4694948196411133
BIBLE_noWikiID,LAST_DAYS_(NEVILL_NOVEL)_Q18209080,0.4683542251586914
BIBLE_noWikiID,THE_WHITSUN_WEDDINGS_Q7774617,0.4644384980201721
BIBLE_noWikiID,THE_BATTLE_OF_THE_BOOKS_Q7715895,0.46253055334091187
BIBLE_noWikiID,ANACTORIA_noWikiID,0.4623907208442688
BIBLE_noWikiID,WORK_IN_PROGRESS_(BOOK)_Q28134463,0.4585358500480652
BIBLE_noWikiID,THE_MAKING_OF_AMERICANS_Q7749704,0.4576990008354187
BIBLE_noWikiID,THE_GIGLI_CONCERT_Q7736432,0.4531571865081787
BIBLE_noWikiID,THE_HAPPY_PRINCE_AND_OTHER_TALES_Q797466,0.45302796363830566
BRIDGET_JONES'S_DIARY_noWikiID,THE_PRELUDE_Q1242779,0.4970964193344116
BETSY_THOUGHTLESS_noWikiID,THE_PRELUDE_Q1242779,0.5934735834598541
TOM_BROWN'S_SCHOOL_DAYS_Q7815084,BECKETT_noWikiID,0.7033958435058594
THE_ENGLISHWOMAN'S_REVIEW_noWikiID,LONGMAN_ANTHOLOGY_noWikiID,0.8019351810216904
FROST_noWikiID,ANALYTICAL_REVIEW_noWikiID,0.66968834400177
EDEN_noWikiID,THE_WESTMINSTER_REVIEW_noWikiID,0.5577473342418671
CHAPMAN_AND_HALL_noWikiID,LONGMAN_ANTHOLOGY_noWikiID,0.7234431803226471
THE_HISTORY_OF_JACK_CONNOR_noWikiID,LYRICAL_BALLADS_Q738958,0.4888867139816284
CONFESSIONS_OF_A_YOUNG_MAN_Q5160039,LONGMAN_ANTHOLOGY_noWikiID,0.5698327124118805
PAMELA_AND_CLARISSA_noWikiID,THE_PRELUDE_Q1242779,0.5107036530971527
DE_MONFORT_noWikiID,THE_GOLDEN_BOUGH_Q651283,0.5695622861385345
THE_SIGN_OF_THE_FOUR_Q500688,LONGMAN_ANTHOLOGY_noWikiID,0.6806868314743042
THE_THORN_noWikiID,DRACULA_Q41542,0.47824031114578247
PROMETHEUS_UNBOUND_(SHELLEY)_Q508181,MARY_BARTON_Q2607078,0.5668352842330933
HOUSEHOLD_WORDS_noWikiID,LONGMAN_ANTHOLOGY_noWikiID,0.8415314704179764
BLASTED_noWikiID,THE_PRELUDE_Q1242779,0.5466434955596924
THE_THREE_PERILS_OF_WOMAN_Q19902814,LONGMAN_ANTHOLOGY_noWikiID,0.563862681388855
KING_SOLOMON'S_MINES_Q1137494,THE_PRELUDE_Q1242779,0.7071977853775024
WAITING_FOR_GODOT_Q19871,MARY_BARTON_Q2607078,0.7132895290851593
HISTORY_OF_THE_DECLINE_AND_FALL_OF_THE_ROMAN_EMPIRE_noWikiID,EVELINA_Q1635110,0.537233293056488
THE_PORTABLE_VICTORIAN_READER_noWikiID,BLACKWOOD'S_noWikiID,0.624182403087616
THE_STRAND_MAGAZINE_noWikiID,LONGMAN_ANTHOLOGY_noWikiID,0.6597975492477417
THE_GUARDIAN_noWikiID,DRACULA_Q41542,0.5847327709197998
A_MUMMER'S_WIFE_noWikiID,LONGMAN_ANTHOLOGY_noWikiID,0.6227769553661346
THE_QUARTERLY_noWikiID,THE_PRELUDE_Q1242779,0.4812115430831909
THE_BEAUX_STRATAGEM_noWikiID,THE_PRELUDE_Q1242779,0.5817052721977234
BRITISH_IMPERIALISM_1750–1970_noWikiID,SPARK_noWikiID,0.590297281742096
THE_TRAVELLER_(POEM)_Q17062125,BECKETT_noWikiID,0.48782581090927124
BOON_Q16239161,THE_PRELUDE_Q1242779,0.5313439667224884
AN_EPISTLE_TO_LADY_BOWER_noWikiID,BECKETT_noWikiID,0.5063803195953369
LEFT_REVIEW_noWikiID,LONGMAN_ANTHOLOGY_noWikiID,0.5264072120189667
POEMS_AND_BALLADS_noWikiID,LONGMAN_ANTHOLOGY_noWikiID,0.6597930490970612
KILMARNOCK_noWikiID,DRACULA_Q41542,0.6106133759021759
THE_EXCURSION_noWikiID,DRACULA_Q41542,0.6979741752147675
LONGMAN'S_MAGAZINE_noWikiID,LONGMAN_ANTHOLOGY_noWikiID,0.7352209091186523
OLD_MORTALITY_Q3234969,LONGMAN_ANTHOLOGY_noWikiID,0.6065235435962677
THE_MONTHLY_PACKET_noWikiID,LONGMAN_ANTHOLOGY_noWikiID,0.6613181233406067
THE_WOMAN_WHO_DID_Q7775505,THE_PRELUDE_Q1242779,0.7232582867145538
THE_WAY_OF_ALL_FLESH_Q255074,LONGMAN_ANTHOLOGY_noWikiID,0.6945894062519073
NEWS_FROM_NOWHERE_Q7019506,CLARISSA_Q980534,0.6024236083030701
LADY_AUDLEY_noWikiID,THE_EDINBURGH_REVIEW_noWikiID,0.8931764289736748
LADY_AUDLEY_noWikiID,CHAMBERS_noWikiID,0.7978352159261703
LADY_AUDLEY_noWikiID,ON_THE_ORIGIN_OF_SPECIES_Q20124,0.7601161003112793
LADY_AUDLEY_noWikiID,BIOGRAPHIA_LITERARIA_Q803863,0.6381733119487762
LADY_AUDLEY_noWikiID,THE_FUNCTION_OF_CRITICISM_AT_THE_PRESENT_TIME_noWikiID,0.5276079475879669
ALTON_LOCKE_Q4736895,LONGMAN_ANTHOLOGY_noWikiID,0.714570164680481
THE_CHOICE_COLLECTION_noWikiID,DRACULA_Q41542,0.5391030311584473
THE_HOUND_OF_THE_BASKERVILLES_Q45192,BECKETT_noWikiID,0.51683709025383
THE_FEAST_OF_LUPERCAL_Q7733598,THE_PRELUDE_Q1242779,0.5842176377773285
DAME_SIRIÞ_Q2626339,THE_EDINBURGH_REVIEW_noWikiID,0.5024496614933014
WE_ARE_SEVEN_noWikiID,BECKETT_noWikiID,0.4604945778846741
AN_DAMER_noWikiID,MRS_DALLOWAY_Q752584,0.6658937633037567
PENDENNIS_Q7162382,LONGMAN_ANTHOLOGY_noWikiID,0.5486841201782227
SYBIL_(NOVEL)_Q3506752,LONGMAN_ANTHOLOGY_noWikiID,0.6817704141139984
CARLINGFORD_noWikiID,BECKETT_noWikiID,0.4681210517883301
OLIVER_TWIST_Q164974,WELLEK_noWikiID,0.7528626173734665
DOMESTIC_MANNERS_noWikiID,BECKETT_noWikiID,0.5814967155456543
SPARK_noWikiID,THE_DAILY_MAIL_noWikiID,0.6821378469467163
SPARK_noWikiID,AENEID_Q60220,0.6555227041244507
SPARK_noWikiID,SMOCK_ALLEY_noWikiID,0.6538155972957611
SPARK_noWikiID,ILIAD_Q8275,0.6443666815757751
SPARK_noWikiID,BARTHOLOMEW_FAIR_(PLAY)_Q1243205,0.6167691349983215
SPARK_noWikiID,CATHLEEN_NI_HOULIHAN_Q5053054,0.6066220700740814
SPARK_noWikiID,MACFLECKNOE_noWikiID,0.6048500835895538
SPARK_noWikiID,SEASONS_noWikiID,0.6019763648509979
SPARK_noWikiID,BLACK_BEAUTY_Q880092,0.5819822549819946
SPARK_noWikiID,BOOK_OF_COMMON_PRAYER_Q784710,0.5726396143436432
SPARK_noWikiID,THE_RECRUITING_OFFICER_Q7759830,0.5696790218353271
SPARK_noWikiID,THE_BALLAD_OF_READING_GAOL_Q2119279,0.5401526689529419
SPARK_noWikiID,THE_SHAMROCK_Q7763637,0.5381731688976288
SPARK_noWikiID,LONDON_noWikiID,0.5344910621643066
SPARK_noWikiID,AN_GÚM_noWikiID,0.5334702432155609
SPARK_noWikiID,THE_HARLOT'S_PROGRESS_noWikiID,0.5312888920307159
SPARK_noWikiID,THE_VISION_OF_JUDGMENT_Q7772878,0.5304183065891266
SPARK_noWikiID,ADONAIS_noWikiID,0.5187572240829468
SPARK_noWikiID,THE_SHAKESPEARE_GALLERY_noWikiID,0.5162685811519623
SPARK_noWikiID,GRACE_ABOUNDING_TO_THE_CHIEF_OF_SINNERS_Q2316733,0.5122027397155762
SPARK_noWikiID,THE_STAR_noWikiID,0.5052010118961334
SPARK_noWikiID,THE_FAMINE_noWikiID,0.4947735071182251
SPARK_noWikiID,DIVINE_SONGS_noWikiID,0.4772915840148926
SPARK_noWikiID,DE_PROFUNDIS_(LETTER)_Q1249459,0.4684467911720276
THE_PRIVATE_MEMOIRS_AND_CONFESSIONS_OF_A_JUSTIFIED_SINNER_Q2992437,LONGMAN_ANTHOLOGY_noWikiID,0.7715865969657898
DEJECTION:_AN_ODE_noWikiID,DRACULA_Q41542,0.4896547198295593
THE_WILD_IRISH_BOY_noWikiID,LONGMAN_ANTHOLOGY_noWikiID,0.5818518102169037
THE_PARENT'S_ASSISTANT_Q3522169,LONGMAN_ANTHOLOGY_noWikiID,0.5700255334377289
ABSALOM_AND_ACHITOPHEL_noWikiID,LONGMAN_ANTHOLOGY_noWikiID,0.6642913520336151
THE_HISTORY_OF_SIR_GEORGE_ELLISON_noWikiID,LONGMAN_ANTHOLOGY_noWikiID,0.60496985912323
THE_FAIRY_THORN_noWikiID,LONGMAN_ANTHOLOGY_noWikiID,0.6149342954158783
THE_CASTLE_SPECTRE_Q7721583,LONGMAN_ANTHOLOGY_noWikiID,0.6532969176769257
LADY'S_MAGAZINE_noWikiID,DRACULA_Q41542,0.6032083928585052
MAGINN_noWikiID,BECKETT_noWikiID,0.5398058593273163
GREENMANTLE_Q5604315,THE_EDINBURGH_REVIEW_noWikiID,0.5317688584327698
THE_INFORMER_noWikiID,LONGMAN_ANTHOLOGY_noWikiID,0.5589807033538818
THE_IRISH_MELODIES_noWikiID,LONGMAN_ANTHOLOGY_noWikiID,0.5858995616436005
LIFE_IN_LONDON_(NOVEL)_Q108208589,THE_PRELUDE_Q1242779,0.5744667649269104
THE_LIFE_OF_CHARLOTTE_BRONTË_Q4180188,LONGMAN_ANTHOLOGY_noWikiID,0.611755758523941
SENSE_AND_SENSIBILITY_Q274744,LONGMAN_ANTHOLOGY_noWikiID,0.676049143075943
ANALYTICAL_REVIEW_noWikiID,LONGMAN_ANTHOLOGY_noWikiID,0.9014971554279327
THE_MONTHLY_PRECEPTOR_noWikiID,DRACULA_Q41542,0.496227502822876
THE_RAMBLER_noWikiID,DRACULA_Q41542,0.6946807205677032
COLLOQUY_noWikiID,THE_PRELUDE_Q1242779,0.7953387945890427
COLLOQUY_noWikiID,ADAM_BEDE_Q2611046,0.660565197467804
COLLOQUY_noWikiID,PILGRIMAGE_Q30610271,0.6517341434955597
COLLOQUY_noWikiID,AURORA_LEIGH_Q3629872,0.6344292163848877
COLLOQUY_noWikiID,DUBLINERS_noWikiID,0.5627032816410065
ON_THE_ONE_HAND_noWikiID,CHILDE_HAROLD'S_PILGRIMAGE_Q1072741,0.5394097566604614
THE_TIME_MACHINE_Q627333,THE_LUCKEY_CHANCE_Q55635364,0.5526136755943298
THE_TIME_MACHINE_Q627333,THE_TRAGEDY_OF_MARIAM_Q7769853,0.5126828849315643
THE_TIME_MACHINE_Q627333,THE_CENCI_Q7721863,0.5087339878082275
THE_TIME_MACHINE_Q627333,IN_THE_SHADOW_OF_THE_GLEN_Q6012877,0.4920275807380676
FOUR_QUARTETS_Q2468448,LONGMAN_ANTHOLOGY_noWikiID,0.5630507171154022
MY_LEFT_FOOT_(BOOK)_Q12811892,LONGMAN_ANTHOLOGY_noWikiID,0.4678199887275696
THE_LADY'S_MAGAZINE_noWikiID,BECKETT_noWikiID,0.5265335142612457
CRANFORD_(NOVEL)_Q265100,LONGMAN_ANTHOLOGY_noWikiID,0.5563843250274658
CLOCK_noWikiID,DRACULA_Q41542,0.47671985626220703
CHRYSAL_noWikiID,LONGMAN_ANTHOLOGY_noWikiID,0.6318700015544891
ENGLISHWOMAN'S_DOMESTIC_MAGAZINE_noWikiID,BECKETT_noWikiID,0.656067818403244
WIDOWER'S_HOUSES_Q724688,LONGMAN_ANTHOLOGY_noWikiID,0.5909203886985779
THINGS_AS_THEY_ARE_noWikiID,BECKETT_noWikiID,0.5199539065361023
PLAYS_ON_THE_PASSIONS_noWikiID,DRACULA_Q41542,0.5208059251308441
THE_TASK_noWikiID,DRACULA_Q41542,0.6119210124015808
THE_ENTAIL_noWikiID,LONGMAN_ANTHOLOGY_noWikiID,0.6687073409557343
MARY:_A_FICTION_Q2900963,CHAMBERS_noWikiID,0.5361870229244232
THE_UNNAMABLE_(NOVEL)_Q264451,THE_EDINBURGH_REVIEW_noWikiID,0.8301553428173065
THE_FRENCH_REVOLUTION:_A_HISTORY_Q7735255,LONGMAN_ANTHOLOGY_noWikiID,0.6769033968448639
FRANKENSTEIN_Q150827,THE_SPECTATOR_noWikiID,0.7611411362886429
A_STRUGGLE_FOR_FAME_noWikiID,BECKETT_noWikiID,0.5326962769031525
EDINBURGH_JOURNAL_noWikiID,LONGMAN_ANTHOLOGY_noWikiID,0.7875815778970718
ENQUIRY_CONCERNING_POLITICAL_JUSTICE_Q2094789,MRS_DALLOWAY_Q752584,0.5139282643795013
THE_LOST_LEADER_noWikiID,DRACULA_Q41542,0.479716956615448
LIFE_OF_SAINT_COLUMBA_noWikiID,DRACULA_Q41542,0.5054133236408234
EREWHON_Q1350048,LONGMAN_ANTHOLOGY_noWikiID,0.5608817934989929
ESSAY_OF_DRAMATICK_POESIE_Q2903757,MARY_BARTON_Q2607078,0.5615770220756531
JULIUS_CAESAR_noWikiID,BECKETT_noWikiID,0.5286198258399963
VILLETTE_(NOVEL)_Q2449570,CHAMBERS_noWikiID,0.7375357449054718
GULLIVER'S_TRAVELS_Q181488,LONGMAN_ANTHOLOGY_noWikiID,0.6964144110679626
THE_ROVER_(PLAY)_Q3205256,THE_GOLDEN_BOUGH_Q651283,0.5664382576942444
IRISH_FAIRY_TALES_Q6070722,LONGMAN_ANTHOLOGY_noWikiID,0.5606827437877655
THE_MAN_OF_FEELING_Q7750109,LONGMAN_ANTHOLOGY_noWikiID,0.6903574764728546
THE_RAPE_OF_THE_LOCK_Q1823920,DRACULA_Q41542,0.5637387037277222
LOVE_IN_EXCESS;_OR_THE_FATAL_ENQUIRY_Q1588738,LONGMAN_ANTHOLOGY_noWikiID,0.6537354290485382
ANDREA_DEL_SARTO_noWikiID,THE_EDINBURGH_REVIEW_noWikiID,0.5666544139385223
HARRY_POTTER_noWikiID,LONGMAN_ANTHOLOGY_noWikiID,0.6033457815647125
THE_SPECTATOR_noWikiID,DRACULA_Q41542,0.8119716346263885
JESSICA'S_FIRST_PRAYER_noWikiID,THE_PRELUDE_Q1242779,0.5326519906520844
THE_STRAND_noWikiID,LONGMAN_ANTHOLOGY_noWikiID,0.751255452632904
THE_TALES_OF_MY_LANDLORD_noWikiID,LONGMAN_ANTHOLOGY_noWikiID,0.6282470524311066
EAST_LYNNE_Q5328900,LONGMAN_ANTHOLOGY_noWikiID,0.7760544270277023
THE_WINTER'S_TALE_Q743194,BECKETT_noWikiID,0.48292940855026245
THE_CHILDREN_OF_THE_ABBEY_Q7722505,LONGMAN_ANTHOLOGY_noWikiID,0.7002632915973663
FRASER'S_MAGAZINE_noWikiID,LONGMAN_ANTHOLOGY_noWikiID,0.8190218061208725
THE_ROAD_TO_WIGAN_PIER_Q1197966,PARADISE_LOST_Q28754,0.5215038061141968
BEOWULF_noWikiID,EXAMINER_noWikiID,0.6223802268505096
THE_COTTER'S_SATURDAY_NIGHT_noWikiID,BECKETT_noWikiID,0.46516960859298706
SIDNEY_BIDULPH_noWikiID,THE_PRELUDE_Q1242779,0.6296796798706055
THE_MISSIONARY:_AN_INDIAN_TALE_Q7751763,LONGMAN_ANTHOLOGY_noWikiID,0.6437887847423553
WAVERLEY_(NOVEL)_Q678251,LONGMAN_ANTHOLOGY_noWikiID,0.831655353307724
ELEGY_noWikiID,ORMOND_noWikiID,0.6100036203861237
THE_ROUGH_FIELD_noWikiID,DRACULA_Q41542,0.55792036652565
LYRICAL_TALES_noWikiID,DRACULA_Q41542,0.5674388706684113
THE_RUINED_COTTAGE_noWikiID,DRACULA_Q41542,0.5045900344848633
THE_THREE_PERILS_OF_MAN_Q96409659,LONGMAN_ANTHOLOGY_noWikiID,0.5962340235710144
TWELFTH_NIGHT_Q221211,THE_EDINBURGH_REVIEW_noWikiID,0.5070748627185822
THE_TALE_OF_PETER_RABBIT_Q580463,DRACULA_Q41542,0.5008130669593811
CHAMBERS_noWikiID,THE_MYSTERIES_OF_UDOLPHO_Q2600909,0.7424217760562897
CHAMBERS_noWikiID,AURORA_noWikiID,0.6883196234703064
CHAMBERS_noWikiID,A_SICILIAN_ROMANCE_Q979649,0.6817246675491333
CHAMBERS_noWikiID,THE_COUNTRY_GIRLS_Q7727791,0.6115672588348389
CHAMBERS_noWikiID,THE_RECESS_noWikiID,0.6094553172588348
CHAMBERS_noWikiID,A_VICTIM_OF_PREJUDICE_Q7772534,0.6072663068771362
CHAMBERS_noWikiID,ALASTOR_noWikiID,0.5814537107944489
CHAMBERS_noWikiID,"ISABELLA,_OR_THE_POT_OF_BASIL_noWikiID",0.5272573530673981
CHAMBERS_noWikiID,ODE_TO_A_NIGHTINGALE_Q3349126,0.5222005248069763
CHAMBERS_noWikiID,RECORDS_OF_WOMEN_noWikiID,0.48835086822509766
THE_WEDNESDAY_PLAY_noWikiID,LONGMAN_ANTHOLOGY_noWikiID,0.574745386838913
OSORIO_(PLAY)_Q19630467,DRACULA_Q41542,0.5080582201480865
SONGS_OF_INNOCENCE_AND_EXPERIENCE_Q630530,EVELINA_Q1635110,0.5762085616588593
LIFE_OF_SAMUEL_JOHNSON_Q1218644,DRACULA_Q41542,0.6539108157157898
STRANGE_LOYALTIES_Q16933193,THE_PRELUDE_Q1242779,0.5158534049987793
FLORENCE_MACARTHY_noWikiID,THE_PRELUDE_Q1242779,0.5748075246810913
EGOIST_noWikiID,LONGMAN_ANTHOLOGY_noWikiID,0.5409522652626038
A_TREATISE_OF_HUMAN_NATURE_Q2451675,EVELINA_Q1635110,0.6558279097080231
GORDON_noWikiID,BECKETT_noWikiID,0.6014263927936554
THE_ENGLISH_NOVEL_noWikiID,LONGMAN_ANTHOLOGY_noWikiID,0.513931930065155
RELIQUES_OF_IRISH_POETRY_noWikiID,LONGMAN_ANTHOLOGY_noWikiID,0.6842267215251923
MAN_AND_SUPERMAN_Q725409,LONGMAN_ANTHOLOGY_noWikiID,0.5604580044746399
THE_SONG_OF_THE_SHIRT_noWikiID,LONGMAN_ANTHOLOGY_noWikiID,0.5642157793045044
THE_UNTILLED_FIELD_noWikiID,LONGMAN_ANTHOLOGY_noWikiID,0.5600287318229675
FINNEGANS_WAKE_Q6507,EXAMINER_noWikiID,0.6955585181713104
ALL_THE_YEAR_ROUND_noWikiID,LONGMAN_ANTHOLOGY_noWikiID,0.7523629814386368
WELLEK_noWikiID,MARY_BARTON_Q2607078,0.8083112388849258
WELLEK_noWikiID,AGNES_GREY_Q517172,0.7179476618766785
WELLEK_noWikiID,THE_RIVALS_Q7760957,0.6560685634613037
WELLEK_noWikiID,THE_TENANT_OF_WILDFELL_HALL_Q44701,0.6427890956401825
BECKETT_noWikiID,MARY_BARTON_Q2607078,0.8266477882862091
BECKETT_noWikiID,SHILLING_MAGAZINE_noWikiID,0.6770957112312317
BECKETT_noWikiID,MICHAEL_noWikiID,0.6715335845947266
BECKETT_noWikiID,ROBIN_HOOD_noWikiID,0.6595751643180847
BECKETT_noWikiID,ALLAN_QUATERMAIN_(NOVEL)_Q4062545,0.646448165178299
BECKETT_noWikiID,THE_LONDON_JOURNAL_noWikiID,0.6368267238140106
BECKETT_noWikiID,SYBIL_(SCHREIBER_BOOK)_Q2915054,0.6348350644111633
BECKETT_noWikiID,HE_KNEW_HE_WAS_RIGHT_noWikiID,0.633377730846405
BECKETT_noWikiID,EPISTEL_TO_WILLIAM_WILBERFORCE_noWikiID,0.6213391125202179
BECKETT_noWikiID,THE_BROTHERS_noWikiID,0.6187036633491516
BECKETT_noWikiID,JACK_THE_GIANT_KILLER_Q3157362,0.6075298190116882
BECKETT_noWikiID,AUTOBIOGRAPHY_noWikiID,0.6065001785755157
BECKETT_noWikiID,SATURDAY_(NOVEL)_Q1723053,0.6059733033180237
BECKETT_noWikiID,ORIGINAL_STORIES_FROM_REAL_LIFE_Q2705647,0.6024249494075775
BECKETT_noWikiID,PALL_MALL_GAZETTE_noWikiID,0.5848476588726044
BECKETT_noWikiID,PRACTICAL_EDUCATION_Q7237318,0.5839303731918335
BECKETT_noWikiID,COELEBS_IN_SEARCH_OF_A_WIFE_Q5140605,0.5819820165634155
BECKETT_noWikiID,THE_BUSIE_BODY_Q85806682,0.5812428891658783
BECKETT_noWikiID,MEMOIRS_OF_THE_AUTHOR_OF_A_VINDICATION_OF_THE_RIGHTS_OF_WOMAN_Q933002,0.5742773115634918
BECKETT_noWikiID,THE_FEMALE_ADVOCATE_noWikiID,0.5672010183334351
BECKETT_noWikiID,THE_CITIZEN_OF_THE_WORLD_noWikiID,0.5632621943950653
BECKETT_noWikiID,THE_NEW_YORKER_noWikiID,0.5512179136276245
BECKETT_noWikiID,SONG_noWikiID,0.5502753257751465
BECKETT_noWikiID,BLAMIRE_noWikiID,0.5446491241455078
BECKETT_noWikiID,SCOTS_MUSICAL_MUSEUM_Q7435788,0.5384931862354279
BECKETT_noWikiID,JERUSALEM_DELIVERED_Q1053313,0.5374867022037506
BECKETT_noWikiID,THE_JUNGLE_BOOK_Q189509,0.53680220246315
BECKETT_noWikiID,THE_VIRGINIANS_Q7772832,0.5346949100494385
BECKETT_noWikiID,THE_HISTORY_OF_EMILY_MONTAGUE_Q42191035,0.5306718945503235
BECKETT_noWikiID,EMMA_noWikiID,0.5304413139820099
BECKETT_noWikiID,ANCRENE_WISSE_Q489442,0.5277553498744965
BECKETT_noWikiID,THE_GIRL_OF_THE_PERIOD_noWikiID,0.5273674428462982
BECKETT_noWikiID,RESOLUTION_AND_INDEPENDENCE_noWikiID,0.5252081155776978
BECKETT_noWikiID,THE_LONELY_PASSION_OF_JUDITH_HEARNE_noWikiID,0.5233177542686462
BECKETT_noWikiID,THE_FOOL_OF_QUALITY_Q7734703,0.5198304653167725
BECKETT_noWikiID,THE_WOMAN'S_LABOUR_noWikiID,0.5195042490959167
BECKETT_noWikiID,THE_PURPLE_JAR_Q7758804,0.5192383229732513
BECKETT_noWikiID,THE_NATURAL_DAUGHTER_Q1219062,0.5168275535106659
BECKETT_noWikiID,THE_INTERESTING_NARRATIVE_OF_THE_LIFE_OF_OLAUDAH_EQUIANO_Q7742270,0.5096679627895355
BECKETT_noWikiID,THE_DAILY_TELEGRAPH_noWikiID,0.5064146816730499
BECKETT_noWikiID,TURKISH_TALES_noWikiID,0.5007663369178772
BECKETT_noWikiID,THE_MOUSE'S_PETITION_noWikiID,0.4723415970802307
BECKETT_noWikiID,CHRONICLES_OF_THE_CANONGATE_Q17352486,0.4719080328941345
MELMOTH_THE_WANDERER_Q1475956,LONGMAN_ANTHOLOGY_noWikiID,0.7975242584943771
THE_HISTORY_OF_ENGLISH_POETRY_Q17332374,LONGMAN_ANTHOLOGY_noWikiID,0.6291812658309937
HARRIETT_FREAN_noWikiID,BLACKWOOD'S_noWikiID,0.6255248785018921
O'DONNELL_noWikiID,DRACULA_Q41542,0.5255095958709717
ATHENÆUM_noWikiID,LONGMAN_ANTHOLOGY_noWikiID,0.8199567049741745
THE_CHILDERMASS_noWikiID,LONGMAN_ANTHOLOGY_noWikiID,0.627451092004776
MISS_BRILL_Q16387034,THE_EDINBURGH_REVIEW_noWikiID,0.6642371118068695
THE_SOLDIER_(POEM)_Q7765157,BLACKWOOD'S_noWikiID,0.531581312417984
THE_BRIDGE_noWikiID,LYRICAL_BALLADS_Q738958,0.5231681764125824
LETTERS_ON_CHIVALRY_AND_ROMANCE_noWikiID,MIDDLEMARCH_Q313129,0.5732420980930328
CONFESSIONS_OF_A_THUG_(NOVEL)_Q5160036,LONGMAN_ANTHOLOGY_noWikiID,0.5477755665779114
THE_MILESIAN_CHIEF_noWikiID,LONGMAN_ANTHOLOGY_noWikiID,0.7622061222791672
PHANTASTES_Q1616808,THE_PRELUDE_Q1242779,0.5123881101608276
THE_RISE_OF_THE_NOVEL_noWikiID,LONGMAN_ANTHOLOGY_noWikiID,0.7086540460586548
"EPISTLE_TO_J._L∗∗∗∗∗K,_noWikiID",DRACULA_Q41542,0.5193697512149811
OROONOKO_Q2453934,LONGMAN_ANTHOLOGY_noWikiID,0.725304901599884
THE_LIFE_AND_OPINIONS_OF_TRISTRAM_SHANDY_GENTLEMAN_Q1164083,EXAMINER_noWikiID,0.5455768406391144
FRA_FILIPPO_LIPPI_noWikiID,THE_EDINBURGH_REVIEW_noWikiID,0.582631528377533
THE_BRUCE_noWikiID,MIDDLEMARCH_Q313129,0.5379172265529633
TRADITION_AND_THE_INDIVIDUAL_TALENT_Q7832271,MARY_BARTON_Q2607078,0.5177944302558899
PSALMS_noWikiID,DRACULA_Q41542,0.5457945466041565
THE_ATHENIAN_MERCURY_noWikiID,LONGMAN_ANTHOLOGY_noWikiID,0.6563178598880768
THALABA_THE_DESTROYER_noWikiID,LONGMAN_ANTHOLOGY_noWikiID,0.6535412073135376
THE_CANTERBURY_TALES_Q191663,LONGMAN_ANTHOLOGY_noWikiID,0.5020056366920471
A_PORTRAIT_noWikiID,MARY_BARTON_Q2607078,0.5732967853546143
THE_ROMANCE_OF_THE_FOREST_Q3406503,THE_PRELUDE_Q1242779,0.5049019157886505
CLARISSA_Q980534,THE_EDINBURGH_REVIEW_noWikiID,0.6534701287746429
ORMOND_noWikiID,LONGMAN_ANTHOLOGY_noWikiID,0.874471440911293
ORMOND_noWikiID,WE_(NOVEL)_Q83799,0.6953751742839813
"WEEP_NOT,_CHILD_Q3953479",EXAMINER_noWikiID,0.505172461271286
THE_IDYLLS_OF_THE_KING_noWikiID,LONGMAN_ANTHOLOGY_noWikiID,0.5912632346153259
KIPPS_Q1249082,THE_EDINBURGH_REVIEW_noWikiID,0.62793830037117
PETRON_noWikiID,THE_EDINBURGH_REVIEW_noWikiID,0.4764404892921448
THE_EXPEDITION_OF_HUMPHRY_CLINKER_Q3203413,LONGMAN_ANTHOLOGY_noWikiID,0.5792345702648163
THE_SORROWS_OF_SATAN_Q13424700,THE_PRELUDE_Q1242779,0.5518492162227631
THE_SHEPHEARDES_CALENDER_Q2204718,LONGMAN_ANTHOLOGY_noWikiID,0.6557007730007172
FERGUS_noWikiID,THE_MONTHLY_REVIEW_noWikiID,0.6367328464984894
NORTON_ANTHOLOGY_noWikiID,BLACKWOOD'S_noWikiID,0.6447697281837463
THE_HEART_OF_MIDLOTHIAN_Q2091094,LONGMAN_ANTHOLOGY_noWikiID,0.5885845422744751
THE_LITERARY_GAZETTE_noWikiID,LONGMAN_ANTHOLOGY_noWikiID,0.7083762884140015
REDGAUNTLET_Q3422871,LONGMAN_ANTHOLOGY_noWikiID,0.7104935944080353
MADAME_DE_LA_ROUGIERRE_noWikiID,THE_EDINBURGH_REVIEW_noWikiID,0.6925584971904755
THE_GENTLEMAN'S_MAGAZINE_noWikiID,LONGMAN_ANTHOLOGY_noWikiID,0.8913168460130692
THE_GENTLEMAN'S_MAGAZINE_noWikiID,THE_BRIDE_OF_LAMMERMOOR_Q2659725,0.6141448616981506
THE_ENCYCLOPÆDIA_OF_ANECDOTE_noWikiID,EXAMINER_noWikiID,0.5025916695594788
ANNALS_OF_THE_PARISH_Q4767877,LONGMAN_ANTHOLOGY_noWikiID,0.7591819912195206
THE_INVISIBLE_MAN_Q1539509,LONGMAN_ANTHOLOGY_noWikiID,0.658353179693222
LE_MORTE_D'ARTHUR_Q1136104,MIDDLEMARCH_Q313129,0.5077150762081146
AUTUMN_JOURNAL_noWikiID,MARY_BARTON_Q2607078,0.5367782115936279
WAVERLEY_Q678251,LONGMAN_ANTHOLOGY_noWikiID,0.7362662255764008
THE_EMPIRE_WRITES_BACK_Q17010588,MARY_BARTON_Q2607078,0.6993539333343506
IL_PENSEROSO_Q1658233,BLACKWOOD'S_noWikiID,0.5493021607398987
JUDITH_(POEM)_Q1157209,THE_EDINBURGH_REVIEW_noWikiID,0.5288335978984833
THE_PHYSIOLOGY_OF_COMMON_LIFE_noWikiID,DRACULA_Q41542,0.4712381362915039
VESTIGES_OF_THE_NATURAL_HISTORY_OF_CREATION_Q1814215,LONGMAN_ANTHOLOGY_noWikiID,0.5673929154872894
LAIDLAW_(NOVEL)_Q6473776,EXAMINER_noWikiID,0.643086850643158
ODE_TO_THE_WEST_WIND_Q3880836,THE_EDINBURGH_REVIEW_noWikiID,0.5067195892333984
QUARTERLY_REVIEW_noWikiID,LONGMAN_ANTHOLOGY_noWikiID,0.8982349559664726
QUARTERLY_REVIEW_noWikiID,SWALLOWS_AND_AMAZONS_Q672938,0.553148090839386
THE_VAN_noWikiID,LYRICAL_BALLADS_Q738958,0.6181581020355225
WILHELM_MEISTER_noWikiID,LONGMAN_ANTHOLOGY_noWikiID,0.49584221839904785
THE_CONTEMPORARY_REVIEW_noWikiID,LONGMAN_ANTHOLOGY_noWikiID,0.6643362045288086
THE_EDITOR_noWikiID,DRACULA_Q41542,0.49384069442749023
DON_ALONZO_noWikiID,THE_EDINBURGH_REVIEW_noWikiID,0.674817681312561
ALASDAIR_GRAY_noWikiID,LONGMAN_ANTHOLOGY_noWikiID,0.7508265972137451
SHORT_VIEW_OF_THE_IMMORALITY_AND_PROFANENESS_OF_THE_ENGLISH_STAGE_Q138377,MRS_DALLOWAY_Q752584,0.5409362614154816
THE_CELTIC_TWILIGHT_noWikiID,LONGMAN_ANTHOLOGY_noWikiID,0.5917016863822937
PELHAM_noWikiID,LONGMAN_ANTHOLOGY_noWikiID,0.6875743865966797
ALICE'S_ADVENTURES_IN_WONDERLAND_Q92640,THE_EDINBURGH_REVIEW_noWikiID,0.5317744314670563
QUARTERLY_noWikiID,LONGMAN_ANTHOLOGY_noWikiID,0.8335857093334198
A_VINDICATION_OF_THE_RIGHTS_OF_MEN_Q2638171,LONGMAN_ANTHOLOGY_noWikiID,0.6003755033016205
AT_THE_HAWK'S_WELL_Q4812524,LONGMAN_ANTHOLOGY_noWikiID,0.527563601732254
CHEAP_REPOSITORY_TRACTS_noWikiID,MRS_DALLOWAY_Q752584,0.723069578409195
THE_NOWLANS_noWikiID,THE_PRELUDE_Q1242779,0.5452903211116791
LALLA_ROOKH_Q4253416,LONGMAN_ANTHOLOGY_noWikiID,0.674973726272583
SIRENS_noWikiID,THE_EDINBURGH_REVIEW_noWikiID,0.6103846728801727
THE_OLD_ENGLISH_BARON_Q3796165,LONGMAN_ANTHOLOGY_noWikiID,0.7877623736858368
WALLACE_noWikiID,MARY_BARTON_Q2607078,0.46802908182144165
SARTOR_noWikiID,MARY_BARTON_Q2607078,0.6147874593734741
MRS_DALLOWAY_Q752584,LITERARY_MAGAZINE_noWikiID,0.5543828308582306
ENEADOS_noWikiID,MARY_BARTON_Q2607078,0.5109888017177582
THE_LIFE_OF_JOHN_BUNCLE_noWikiID,THE_PRELUDE_Q1242779,0.481326162815094
RICKWORD_noWikiID,EVELINA_Q1635110,0.5036803483963013
AURORA_FLOYD_Q4822530,LONGMAN_ANTHOLOGY_noWikiID,0.7554081827402115
KING_LEAR_Q181598,THE_WESTMINSTER_REVIEW_noWikiID,0.5242673754692078
BRUT_noWikiID,THE_EDINBURGH_REVIEW_noWikiID,0.4800598621368408
THE_HISTORY_OF_ENGLAND_FROM_THE_ACCESSION_OF_JAMES_THE_SECOND_Q7739784,LONGMAN_ANTHOLOGY_noWikiID,0.657771110534668
MONTHLY_MAGAZINE_noWikiID,LONGMAN_ANTHOLOGY_noWikiID,0.8782023638486862
THE_PRELUDE_Q1242779,DRACULA_Q41542,0.7772804647684097
THE_PRELUDE_Q1242779,THE_ITALIAN_(RADCLIFFE_NOVEL)_Q3204370,0.6730533540248871
THE_PRELUDE_Q1242779,A_SIMPLE_STORY_(NOVEL)_Q4659531,0.6353493928909302
THE_PRELUDE_Q1242779,A_COMPANION_TO_VICTORIAN_LITERATURE_AND_CULTURE_noWikiID,0.6034400165081024
THE_PRELUDE_Q1242779,THE_NETHER_WORLD_Q7753436,0.6027787327766418
THE_PRELUDE_Q1242779,THE_DAISY_CHAIN_noWikiID,0.5972853302955627
THE_PRELUDE_Q1242779,THE_SCHOOL_FOR_SCANDAL_Q471118,0.5913343727588654
THE_PRELUDE_Q1242779,EMMELINE_Q5373421,0.5827645361423492
THE_PRELUDE_Q1242779,IT_IS_NEVER_TOO_LATE_TO_MEND_(NOVEL)_Q6091852,0.5823805034160614
THE_PRELUDE_Q1242779,CARMILLA_Q1043792,0.5551436841487885
THE_PRELUDE_Q1242779,THE_NEW_ATLANTIS_Q7753512,0.553288459777832
THE_PRELUDE_Q1242779,THE_CRYING_GAME_(NOVEL)_Q7728311,0.544711709022522
THE_PRELUDE_Q1242779,O'DONNEL_noWikiID,0.5304381251335144
THE_PRELUDE_Q1242779,LAYS_OF_MANY_LANDS_noWikiID,0.5106775760650635
THE_PRELUDE_Q1242779,COMPLICITY_(NOVEL)_Q5156663,0.458091139793396
ENDGAME_(PLAY)_Q1235448,THE_EDINBURGH_REVIEW_noWikiID,0.7558912038803101
SIR_PATIENT_FANCY_Q85801351,THE_GOLDEN_BOUGH_Q651283,0.5283754169940948
THE_STONES_OF_VENICE_(BOOK)_Q7766650,EVELINA_Q1635110,0.5593490600585938
CORINNE_OU_L'ITALIE_Q3693562,LONGMAN_ANTHOLOGY_noWikiID,0.801459789276123
THE_SCOTTISH_CHIEFS_noWikiID,LONGMAN_ANTHOLOGY_noWikiID,0.5241914987564087
ORIENTALISM_(BOOK)_Q1574967,EVELINA_Q1635110,0.5529846549034119
CRITIQUE_OF_JUDGMENT_noWikiID,MARY_BARTON_Q2607078,0.6955234110355377
CAMILLA_Q2934813,THE_GOLDEN_BOUGH_Q651283,0.7176220118999481
THE_WAY_WE_LIVE_NOW_Q7773866,LONGMAN_ANTHOLOGY_noWikiID,0.6179791390895844
FRIENDSHIP_IN_DEATH_noWikiID,LONGMAN_ANTHOLOGY_noWikiID,0.5054261982440948
DAILY_NEWS_noWikiID,LONGMAN_ANTHOLOGY_noWikiID,0.6548220813274384
THE_ORATORS_Q7755267,SHE:_A_HISTORY_OF_ADVENTURE_Q640513,0.6884135007858276
HISTORY_OF_THE_PEACE_noWikiID,LONGMAN_ANTHOLOGY_noWikiID,0.6753505766391754
VATHEK_Q54548,LONGMAN_ANTHOLOGY_noWikiID,0.6073836982250214
THE_LONDON_MAGAZINE_noWikiID,LONGMAN_ANTHOLOGY_noWikiID,0.906669408082962
SIR_GAWAIN_AND_THE_GREEN_KNIGHT_noWikiID,EXAMINER_noWikiID,0.5052209794521332
VALPERGA_noWikiID,THE_TIMES_noWikiID,0.5775123536586761
THE_BLAZING_WORLD_Q1082871,POEMS_(AUDEN)_Q7207360,0.5931589901447296
THE_THEORY_OF_MORAL_SENTIMENTS_Q1438448,EVELINA_Q1635110,0.5412914454936981
THE_TALE_OF_MYSTERY_noWikiID,LONGMAN_ANTHOLOGY_noWikiID,0.6069865822792053
EXAMINER_noWikiID,LONGMAN_ANTHOLOGY_noWikiID,0.8380231559276581
EXAMINER_noWikiID,THE_WIND_IN_THE_WILLOWS_Q936276,0.5533888339996338
EXAMINER_noWikiID,BANVILLE_noWikiID,0.5311118066310883
EXAMINER_noWikiID,WILD_THINGS_noWikiID,0.521162748336792
EXAMINER_noWikiID,LOVE_INTRIGUES_noWikiID,0.4741474986076355
EXAMINER_noWikiID,ANNALS_(TACITUS)_Q564358,0.47051292657852173
LYRICAL_BALLADS_Q738958,DRACULA_Q41542,0.8114744871854782
LYRICAL_BALLADS_Q738958,TWO_DAYS_IN_ARAGON_noWikiID,0.6285055577754974
LYRICAL_BALLADS_Q738958,ENGLISH_MUSIC_(NOVEL)_Q15052531,0.5827291309833527
LYRICAL_BALLADS_Q738958,THE_GREAT_EXHIBITION_noWikiID,0.564723938703537
LYRICAL_BALLADS_Q738958,THE_BALLAD_OF_PECKHAM_RYE_Q31179,0.5378382205963135
LYRICAL_BALLADS_Q738958,A_CHILD_OF_THE_JAGO_Q4655860,0.5365835130214691
LYRICAL_BALLADS_Q738958,FAR_FROM_THE_MADDING_CROWD_Q5642996,0.5111823678016663
ALAN_TITLEY_noWikiID,LONGMAN_ANTHOLOGY_noWikiID,0.6841560006141663
HARPER'S_WEEKLY_noWikiID,LONGMAN_ANTHOLOGY_noWikiID,0.5747678875923157
THE_NEW_BIOGRAPHY_noWikiID,MARY_BARTON_Q2607078,0.4778154492378235
THE_MINSTREL_noWikiID,LONGMAN_ANTHOLOGY_noWikiID,0.5419904291629791
THE_WEALTH_OF_NATIONS_Q233562,EVELINA_Q1635110,0.6257683038711548
NÍ_DHOMHNAILL_noWikiID,MARY_BARTON_Q2607078,0.5602932870388031
COMMON_SENSE_Q843940,LONGMAN_ANTHOLOGY_noWikiID,0.6551200151443481
PUNCH_noWikiID,LONGMAN_ANTHOLOGY_noWikiID,0.7731897234916687
THE_BRITISH_NOVELISTS_noWikiID,LONGMAN_ANTHOLOGY_noWikiID,0.7090893387794495
BLACKWOOD'S_MAGAZINE_noWikiID,LONGMAN_ANTHOLOGY_noWikiID,0.8471311330795288
A_JOURNAL_OF_THE_PLAGUE_YEAR_Q1215399,LONGMAN_ANTHOLOGY_noWikiID,0.4608811140060425
THE_BRAVE_IRISHMAN_noWikiID,DRACULA_Q41542,0.4916309118270874
ST_LEON_noWikiID,LONGMAN_ANTHOLOGY_noWikiID,0.5424032509326935
THE_OLD_MANOR_HOUSE_Q96409526,LONGMAN_ANTHOLOGY_noWikiID,0.5136555433273315
JACK_SHEPPARD_noWikiID,LONGMAN_ANTHOLOGY_noWikiID,0.5685613453388214
REFLECTIONS_ON_THE_REVOLUTION_IN_FRANCE_Q2287584,LONGMAN_ANTHOLOGY_noWikiID,0.676022857427597
DRACULA_Q41542,SPECTATOR_noWikiID,0.8003913760185242
DRACULA_Q41542,POEMS_(AUDEN)_Q7207360,0.7742328643798828
DRACULA_Q41542,THE_TIMES_noWikiID,0.7385910153388977
DRACULA_Q41542,LIVES_OF_THE_MOST_EMINENT_ENGLISH_POETS_Q4015014,0.6822639107704163
DRACULA_Q41542,AN_ESSAY_ON_MAN_noWikiID,0.6518591642379761
DRACULA_Q41542,ALCIPHRON_(BOOK)_Q4713139,0.6292177140712738
DRACULA_Q41542,THE_GOLDEN_TREASURY_noWikiID,0.6043348908424377
DRACULA_Q41542,EPISTLE_TO_DR._ARBUTHNOT_noWikiID,0.6024782359600067
DRACULA_Q41542,THE_PLEASURES_OF_THE_IMAGINATION_Q7757504,0.6022271513938904
DRACULA_Q41542,A_VISION_Q4660493,0.5718888640403748
DRACULA_Q41542,MODERN_PAINTERS_Q6888803,0.5639478266239166
DRACULA_Q41542,MUDIE'S_CIRCULATING_LIBRARY_noWikiID,0.5630601942539215
DRACULA_Q41542,CHRISTABEL_noWikiID,0.5557965338230133
DRACULA_Q41542,THE_FRIEND_noWikiID,0.5524156391620636
DRACULA_Q41542,A_JOURNEY_TO_THE_WESTERN_ISLANDS_OF_SCOTLAND_Q1217063,0.5415104627609253
DRACULA_Q41542,CONJECTURES_ON_ORIGINAL_COMPOSITION_noWikiID,0.5378941297531128
DRACULA_Q41542,CYCLOPÆDIA_OR_AN_UNIVERSAL_DICTIONARY_OF_ARTS_AND_SCIENCES_Q1147582,0.5240545868873596
DRACULA_Q41542,LIFE_noWikiID,0.5034867823123932
DRACULA_Q41542,LOVE_AND_A_BOTTLE_Q104853539,0.4995120167732239
DRACULA_Q41542,THE_SUBJECTION_OF_WOMEN_Q3407659,0.4947155714035034
DRACULA_Q41542,PRAETERITA_noWikiID,0.48884522914886475
DRACULA_Q41542,THE_CAMBRIDGE_HISTORY_OF_ENGLISH_AND_AMERICAN_LITERATURE_Q1734877,0.4884164333343506
DRACULA_Q41542,THE_SOUL_OF_MAN_UNDER_SOCIALISM_Q1196990,0.4839455485343933
DRACULA_Q41542,IDLER_noWikiID,0.47518593072891235
THE_FIELD_DAY_ANTHOLOGY_OF_IRISH_WRITING_noWikiID,LONGMAN_ANTHOLOGY_noWikiID,0.5471281409263611
NORTH_AND_SOUTH_(GASKELL_NOVEL)_Q1853142,LONGMAN_ANTHOLOGY_noWikiID,0.7819382846355438
THE_ROMANTIC_IDEOLOGY_noWikiID,MARY_BARTON_Q2607078,0.5578916072845459
MODERNISM_noWikiID,MARY_BARTON_Q2607078,0.5997482240200043
THE_CRAFT_OF_FICTION_noWikiID,MARY_BARTON_Q2607078,0.46428126096725464
THE_FALL_OF_HYPERION_(NOVEL)_Q2362526,THE_WESTMINSTER_REVIEW_noWikiID,0.5814594626426697
THE_GREAT_HUNGER_noWikiID,LONGMAN_ANTHOLOGY_noWikiID,0.642003059387207
THALABA_noWikiID,LONGMAN_ANTHOLOGY_noWikiID,0.6364614963531494
CARLETON_noWikiID,LONGMAN_ANTHOLOGY_noWikiID,0.8967905044555664
THINGS_FALL_APART_Q622400,MARY_BARTON_Q2607078,0.463631272315979
THE_SORROWS_OF_YOUNG_WERTHER_Q151883,LONGMAN_ANTHOLOGY_noWikiID,0.60565584897995
THE_GOLDEN_BOUGH_Q651283,EVELINA_Q1635110,0.7980383932590485
THE_GOLDEN_BOUGH_Q651283,EMMA_(NOVEL)_Q223880,0.7400642335414886
ONE_THOUSAND_AND_ONE_NIGHTS_Q8258,LONGMAN_ANTHOLOGY_noWikiID,0.8296592533588409
UP_THE_JUNCTION_Q7898114,LONGMAN_ANTHOLOGY_noWikiID,0.589855819940567
THE_HOME_AND_THE_WORLD_Q7740074,SPECTATOR_noWikiID,0.5443624258041382
MAUD_AND_OTHER_POEMS_Q6792271,BLACKWOOD'S_noWikiID,0.6068032085895538
THE_DOUBLE_DEALER_Q3222939,LONGMAN_ANTHOLOGY_noWikiID,0.557324230670929
HAIL_AND_FAREWELL_noWikiID,LONGMAN_ANTHOLOGY_noWikiID,0.5044004023075104
THE_EDINBURGH_REVIEW_noWikiID,LONGMAN_ANTHOLOGY_noWikiID,0.9528895393013954
THE_EDINBURGH_REVIEW_noWikiID,EVELINA_Q1635110,0.8185619711875916
THE_EDINBURGH_REVIEW_noWikiID,ROXANA_noWikiID,0.7745673507452011
THE_EDINBURGH_REVIEW_noWikiID,SILAS_noWikiID,0.7381448745727539
THE_EDINBURGH_REVIEW_noWikiID,BELLUMERE_noWikiID,0.7180987894535065
THE_EDINBURGH_REVIEW_noWikiID,VAN_HELSING_noWikiID,0.6700168550014496
THE_EDINBURGH_REVIEW_noWikiID,A_CHRISTMAS_CAROL_Q62879,0.6512325406074524
THE_EDINBURGH_REVIEW_noWikiID,SLEEP_AND_POETRY_noWikiID,0.6248236298561096
THE_EDINBURGH_REVIEW_noWikiID,HAMLET_Q41567,0.6112861633300781
THE_EDINBURGH_REVIEW_noWikiID,CINDERELLA_noWikiID,0.6091660261154175
THE_EDINBURGH_REVIEW_noWikiID,DREAM_OF_THE_ROOD_Q339763,0.6084279119968414
THE_EDINBURGH_REVIEW_noWikiID,BAILEGANGAIRE_noWikiID,0.587055891752243
THE_EDINBURGH_REVIEW_noWikiID,THE_VICTORIANS_noWikiID,0.5754230618476868
THE_EDINBURGH_REVIEW_noWikiID,WIELAND_(NOVEL)_Q7998930,0.5713265240192413
THE_EDINBURGH_REVIEW_noWikiID,THE_LOST_SYMBOL_Q211006,0.5689427256584167
THE_EDINBURGH_REVIEW_noWikiID,AS_YOU_LIKE_IT_Q237572,0.5657845735549927
THE_EDINBURGH_REVIEW_noWikiID,MARIANA_noWikiID,0.5640983879566193
THE_EDINBURGH_REVIEW_noWikiID,THE_GIRL_WITH_THE_DRAGON_TATTOO_Q678288,0.5631753206253052
THE_EDINBURGH_REVIEW_noWikiID,AT_THE_BACK_OF_THE_NORTH_WIND_Q1619593,0.5314718782901764
THE_EDINBURGH_REVIEW_noWikiID,HOLIDAY_HOUSE_noWikiID,0.5230496823787689
THE_EDINBURGH_REVIEW_noWikiID,SHEEHY_noWikiID,0.4973178505897522
THE_EDINBURGH_REVIEW_noWikiID,TAM_O'SHANTER_noWikiID,0.4919390082359314
THE_EDINBURGH_REVIEW_noWikiID,TROILUS_AND_CRISEYDE_noWikiID,0.4804452657699585
THE_EDINBURGH_REVIEW_noWikiID,CAIN_noWikiID,0.4677709937095642
THE_EDINBURGH_REVIEW_noWikiID,TO_A_MOUSE_noWikiID,0.43946677446365356
THE_CORNHILL_MAGAZINE_noWikiID,LONGMAN_ANTHOLOGY_noWikiID,0.739247590303421
STRAND_noWikiID,LONGMAN_ANTHOLOGY_noWikiID,0.7407918870449066
CHILDE_HAROLD'S_PILGRIMAGE_Q1072741,THE_BRITISH_MUSE_noWikiID,0.48343873023986816
FORTUNES_OF_WAR_(NOVEL_SERIES)_Q5472900,THE_WESTMINSTER_REVIEW_noWikiID,0.5696715712547302
SKETCHES_BY_BOZ_noWikiID,LONGMAN_ANTHOLOGY_noWikiID,0.5799600780010223
THE_VICAR_OF_WAKEFIELD_Q1196205,LONGMAN_ANTHOLOGY_noWikiID,0.5234153270721436
RELIQUES_OF_ANCIENT_ENGLISH_POETRY_Q2142806,ROXANA_noWikiID,0.7739987671375275
NORTH_AND_SOUTH_noWikiID,LONGMAN_ANTHOLOGY_noWikiID,0.8235526531934738
KIBERD_noWikiID,MARY_BARTON_Q2607078,0.48551082611083984
AFTER_DARK_noWikiID,LONGMAN_ANTHOLOGY_noWikiID,0.5556329488754272
MARTIN_CHUZZLEWIT_Q1903609,LONGMAN_ANTHOLOGY_noWikiID,0.6419492661952972
THE_PROGRESS_OF_ROMANCE_noWikiID,LONGMAN_ANTHOLOGY_noWikiID,0.7297207117080688
RIENZI_noWikiID,LONGMAN_ANTHOLOGY_noWikiID,0.6769816875457764
LANARK:_A_LIFE_IN_FOUR_BOOKS_Q6482902,LONGMAN_ANTHOLOGY_noWikiID,0.520392507314682
HISTORICAL_MEMOIRS_OF_THE_IRISH_BARDS_noWikiID,MIDDLEMARCH_Q313129,0.6004748344421387
THE_CROCK_OF_GOLD_(NOVEL)_Q7728134,THE_TIMES_noWikiID,0.47278261184692383
ELEGIAC_SONNETS_Q30918806,LONGMAN_ANTHOLOGY_noWikiID,0.6846424043178558
TATLER_noWikiID,LONGMAN_ANTHOLOGY_noWikiID,0.7709373086690903
THE_COLLEGIANS_noWikiID,LONGMAN_ANTHOLOGY_noWikiID,0.6822530627250671
OLD_TESTAMENT_Q19786,MIDDLEMARCH_Q313129,0.6380070149898529
BELINDA_noWikiID,LONGMAN_ANTHOLOGY_noWikiID,0.6930472552776337
THE_TATLER_noWikiID,LONGMAN_ANTHOLOGY_noWikiID,0.8231012225151062
SPECTATOR_noWikiID,AMONGST_WOMEN_Q473979,0.5313431620597839
ARRAH_NA_POGUE_Q119438186,LONGMAN_ANTHOLOGY_noWikiID,0.5519573986530304
POEMS_ON_SEVERAL_OCCASIONS_noWikiID,LONGMAN_ANTHOLOGY_noWikiID,0.705276608467102
THE_YELLOW_BOOK_noWikiID,LONGMAN_ANTHOLOGY_noWikiID,0.7663256675004959
TIME_AND_WESTERN_MAN_noWikiID,LONGMAN_ANTHOLOGY_noWikiID,0.5963099002838135
ENNUI_(SONNET)_Q5379242,LONGMAN_ANTHOLOGY_noWikiID,0.7653002589941025
THE_GERM_noWikiID,LONGMAN_ANTHOLOGY_noWikiID,0.7746941596269608
THE_COUNTRY_AND_THE_CITY_Q7727803,MARY_BARTON_Q2607078,0.549917995929718
THE_O'BRIENS_AND_THE_O'FLAHERTYS_noWikiID,LONGMAN_ANTHOLOGY_noWikiID,0.6104875206947327
THE_CRITICAL_REVIEW_noWikiID,LONGMAN_ANTHOLOGY_noWikiID,0.829382449388504
LOVE_noWikiID,BLACKWOOD'S_noWikiID,0.5963626205921173
SATURDAY_REVIEW_noWikiID,LONGMAN_ANTHOLOGY_noWikiID,0.8188178092241287
THE_HOSTAGE_(PLAY)_Q7740387,LONGMAN_ANTHOLOGY_noWikiID,0.651655912399292
WOMAN'S_WORLD_noWikiID,LONGMAN_ANTHOLOGY_noWikiID,0.5229555368423462
LONGMAN_ANTHOLOGY_noWikiID,BLACKWOOD'S_noWikiID,0.9926421772688627
LONGMAN_ANTHOLOGY_noWikiID,THE_WESTMINSTER_REVIEW_noWikiID,0.8836720660328865
LONGMAN_ANTHOLOGY_noWikiID,CASTLE_RACKRENT_Q5050238,0.8616303503513336
LONGMAN_ANTHOLOGY_noWikiID,THE_MONTHLY_REVIEW_noWikiID,0.850715696811676
LONGMAN_ANTHOLOGY_noWikiID,THE_WILD_IRISH_GIRL_Q7774872,0.8085101842880249
LONGMAN_ANTHOLOGY_noWikiID,SHE:_A_HISTORY_OF_ADVENTURE_Q640513,0.7882487624883652
LONGMAN_ANTHOLOGY_noWikiID,BENTLEY'S_MISCELLANY_Q2896754,0.78084596991539
LONGMAN_ANTHOLOGY_noWikiID,THE_PICKWICK_PAPERS_Q460583,0.7796814739704132
LONGMAN_ANTHOLOGY_noWikiID,OUR_VILLAGE_Q7111226,0.7765804380178452
LONGMAN_ANTHOLOGY_noWikiID,FORTNIGHTLY_REVIEW_noWikiID,0.7755812406539917
LONGMAN_ANTHOLOGY_noWikiID,MEMOIRS_OF_MODERN_PHILOSOPHERS_Q6815268,0.7687142640352249
LONGMAN_ANTHOLOGY_noWikiID,EDINBURGH_MAGAZINE_noWikiID,0.7635855227708817
LONGMAN_ANTHOLOGY_noWikiID,BRITISH_CRITIC_noWikiID,0.7506092041730881
LONGMAN_ANTHOLOGY_noWikiID,ROBINSON_CRUSOE_Q483034,0.7491393685340881
LONGMAN_ANTHOLOGY_noWikiID,ROB_ROY_(NOVEL)_Q2156104,0.7483466863632202
LONGMAN_ANTHOLOGY_noWikiID,PAMELA;_OR_VIRTUE_REWARDED_Q2048624,0.7349595129489899
LONGMAN_ANTHOLOGY_noWikiID,NEW_MONTHLY_MAGAZINE_noWikiID,0.7336841523647308
LONGMAN_ANTHOLOGY_noWikiID,THE_MYSTERIES_OF_LONDON_Q7752831,0.7305397689342499
LONGMAN_ANTHOLOGY_noWikiID,HARD_TIMES_(NOVEL)_Q1340493,0.7246752977371216
LONGMAN_ANTHOLOGY_noWikiID,ONCE_A_WEEK_noWikiID,0.717820018529892
LONGMAN_ANTHOLOGY_noWikiID,KIM_(NOVEL)_Q589868,0.7140847742557526
LONGMAN_ANTHOLOGY_noWikiID,THE_CASTLE_OF_OTRANTO_Q548576,0.7137685716152191
LONGMAN_ANTHOLOGY_noWikiID,THE_BEGGARS'_OPERA_noWikiID,0.7136144042015076
LONGMAN_ANTHOLOGY_noWikiID,CALEB_WILLIAMS_noWikiID,0.7128972411155701
LONGMAN_ANTHOLOGY_noWikiID,THE_LAST_DAYS_OF_POMPEII_Q1218985,0.7023501992225647
LONGMAN_ANTHOLOGY_noWikiID,LITTLE_WOMEN_Q523076,0.6936958432197571
LONGMAN_ANTHOLOGY_noWikiID,THE_COLLEEN_BAWN_Q7726748,0.688109964132309
LONGMAN_ANTHOLOGY_noWikiID,NIGHTMARE_ABBEY_Q4054406,0.6834524571895599
LONGMAN_ANTHOLOGY_noWikiID,THE_FEMALE_SPECTATOR_noWikiID,0.6790231168270111
LONGMAN_ANTHOLOGY_noWikiID,THE_EXPANSION_OF_ENGLAND_Q16836001,0.6736498773097992
LONGMAN_ANTHOLOGY_noWikiID,THE_ART_OF_BEING_RULED_noWikiID,0.6732812821865082
LONGMAN_ANTHOLOGY_noWikiID,NORTHANGER_ABBEY_Q477508,0.6720009446144104
LONGMAN_ANTHOLOGY_noWikiID,ODYSSEY_Q35160,0.6665775179862976
LONGMAN_ANTHOLOGY_noWikiID,DICTIONARY_noWikiID,0.6644757390022278
LONGMAN_ANTHOLOGY_noWikiID,JULIE;_OR_THE_NEW_HELOISE_Q129289,0.6610336899757385
LONGMAN_ANTHOLOGY_noWikiID,A_TALE_OF_TWO_CITIES_Q308918,0.6610248386859894
LONGMAN_ANTHOLOGY_noWikiID,AN_ESSAY_ON_THE_PRINCIPLE_OF_POPULATION_Q851988,0.6606166660785675
LONGMAN_ANTHOLOGY_noWikiID,THE_GIRL'S_OWN_PAPER_noWikiID,0.6586101055145264
LONGMAN_ANTHOLOGY_noWikiID,NEW_LINES_noWikiID,0.6548148393630981
LONGMAN_ANTHOLOGY_noWikiID,MANSFIELD_PARK_Q469690,0.6502111256122589
LONGMAN_ANTHOLOGY_noWikiID,THE_BROWNIE_OF_BODSBECK_Q96408508,0.6442966461181641
LONGMAN_ANTHOLOGY_noWikiID,TOM'S_CABIN_noWikiID,0.6423682868480682
LONGMAN_ANTHOLOGY_noWikiID,THE_LAY_OF_THE_LAST_MINSTREL_Q3223881,0.6416115462779999
LONGMAN_ANTHOLOGY_noWikiID,LA_FONTAINE'S_FABLES_Q2748292,0.6408094167709351
LONGMAN_ANTHOLOGY_noWikiID,TALES_FROM_SHAKESPEARE_Q589197,0.6404300928115845
LONGMAN_ANTHOLOGY_noWikiID,ASHES_noWikiID,0.6348015069961548
LONGMAN_ANTHOLOGY_noWikiID,MOLL_FLANDERS_Q612523,0.6312874555587769
LONGMAN_ANTHOLOGY_noWikiID,THE_LONELY_LONDONERS_Q7748128,0.6301096379756927
LONGMAN_ANTHOLOGY_noWikiID,ROBINSON_noWikiID,0.6293117702007294
LONGMAN_ANTHOLOGY_noWikiID,QUEEN_MAB_(POEM)_Q3414011,0.6182324290275574
LONGMAN_ANTHOLOGY_noWikiID,HOWARDS_END_Q1146642,0.6169644594192505
LONGMAN_ANTHOLOGY_noWikiID,MEMOIRS_OF_EMMA_COURTNEY_Q2395365,0.6118386089801788
LONGMAN_ANTHOLOGY_noWikiID,GLENARVON_Q3771960,0.6085406839847565
LONGMAN_ANTHOLOGY_noWikiID,THE_BLACK_PROPHET_noWikiID,0.5997765362262726
LONGMAN_ANTHOLOGY_noWikiID,THE_SHAUGHRAUN_Q7763712,0.5984162986278534
LONGMAN_ANTHOLOGY_noWikiID,LEBOR_GABÁLA_ÉRENN_Q374129,0.5971707701683044
LONGMAN_ANTHOLOGY_noWikiID,ENGLAND_ENGLAND_Q138046,0.596735417842865
LONGMAN_ANTHOLOGY_noWikiID,PEOPLE'S_JOURNAL_noWikiID,0.5853634178638458
LONGMAN_ANTHOLOGY_noWikiID,SYBIL_Q3506752,0.5748267769813538
LONGMAN_ANTHOLOGY_noWikiID,THE_CRITERION_noWikiID,0.5717000365257263
LONGMAN_ANTHOLOGY_noWikiID,THE_CONSCIOUS_LOVERS_Q7727396,0.5636996030807495
LONGMAN_ANTHOLOGY_noWikiID,SALEM_CHAPEL_noWikiID,0.5623101890087128
LONGMAN_ANTHOLOGY_noWikiID,KIDNAPPED_(NOVEL)_Q2349094,0.5617337226867676
LONGMAN_ANTHOLOGY_noWikiID,SENSIBILITY_noWikiID,0.5608895421028137
LONGMAN_ANTHOLOGY_noWikiID,HELEN_FLEETWOOD_noWikiID,0.5570473670959473
LONGMAN_ANTHOLOGY_noWikiID,KNOCKNAGOW_noWikiID,0.5540519058704376
LONGMAN_ANTHOLOGY_noWikiID,SCOTS_OBSERVER_noWikiID,0.5482132434844971
LONGMAN_ANTHOLOGY_noWikiID,HARD_TIMES_noWikiID,0.5469613373279572
LONGMAN_ANTHOLOGY_noWikiID,MRS_WARREN'S_PROFESSION_Q955587,0.5447069704532623
LONGMAN_ANTHOLOGY_noWikiID,JOHN_HALIFAX_GENTLEMAN_Q6237289,0.5367072224617004
LONGMAN_ANTHOLOGY_noWikiID,MARINO_FALIERO_DOGE_OF_VENICE_Q15624495,0.5114626884460449
CULTURE_AND_ANARCHY_Q5193480,EVELINA_Q1635110,0.6496269106864929
ORLANDO_FURIOSO_Q48922,MIDDLEMARCH_Q313129,0.603432297706604
BLACKWOOD'S_noWikiID,FAULKLAND_noWikiID,0.8034531623125076
BLACKWOOD'S_noWikiID,THE_LAKE_(PLAY)_Q23035669,0.5236615836620331
BLACKWOOD'S_noWikiID,THE_PALACE_OF_ART_noWikiID,0.5151355266571045
BUACHALLA_noWikiID,MARY_BARTON_Q2607078,0.6467169523239136
THE_HIND_AND_THE_PANTHER_Q3206673,MARY_BARTON_Q2607078,0.5094297230243683
FINGAL_noWikiID,MIDDLEMARCH_Q313129,0.7124074697494507
JERUSALEM_noWikiID,MARY_BARTON_Q2607078,0.6518426239490509
DE_RERUM_NATURA_Q861986,MIDDLEMARCH_Q313129,0.4988837242126465
THE_TOWER_(POETRY_COLLECTION)_Q7769729,MARY_BARTON_Q2607078,0.4824238419532776
THE_RENAISSANCE_noWikiID,MARY_BARTON_Q2607078,0.541542112827301
MIDDLEMARCH_Q313129,MACBETH_noWikiID,0.5180105865001678
MIDDLEMARCH_Q313129,LIATHÁIN_noWikiID,0.49028414487838745
THE_HISTORICAL_NOVEL_Q18389829,MARY_BARTON_Q2607078,0.5634636282920837
UNION_STREET_Q7886134,PARADISE_LOST_Q28754,0.5835895240306854
THE_WESTMINSTER_REVIEW_noWikiID,GUY_MANNERING_Q2288976,0.5673860311508179
THE_WESTMINSTER_REVIEW_noWikiID,ASTRAEA_REDUX_noWikiID,0.5078405141830444
DEFENCE_noWikiID,MARY_BARTON_Q2607078,0.4589653015136719
DECLINE_AND_FALL_Q3115185,MARY_BARTON_Q2607078,0.5038564503192902
AN_ESSAY_CONCERNING_HUMAN_UNDERSTANDING_Q482438,MARY_BARTON_Q2607078,0.7547217309474945
EVELINA_Q1635110,A_PHILOSOPHICAL_ENQUIRY_CONCERNING_THE_ORIGIN_OF_OUR_IDEAS_OF_THE_SUBLIME_AND_BEAUTIFUL_Q947972,0.6995363235473633
HYPERION_Q1190094,THE_TIMES_noWikiID,0.4696589708328247
A_DRUNK_MAN_noWikiID,MARY_BARTON_Q2607078,0.49019408226013184
MARY_BARTON_Q2607078,THE_WIND_AMONG_THE_REEDS_noWikiID,0.5162923038005829
