"","Text","Cluster"
"1","AURORA_FLOYD_Q4822530","Cluster 3"
"2","TALES_OF_UNREST_noWikiID","Cluster 3"
"3","JEZEBEL'S_DAUGHTER_noWikiID","Cluster 3"
"4","THE_PORTRAIT_OF_A_LADY_Q861017","Cluster 1"
"5","A_LAODICEAN_Q2105252","Cluster 3"
"6","THE_EGOIST_(NOVEL)_Q7731638","Cluster 2"
"7","THE_DUKE'S_CHILDREN_Q7731161","Cluster 1"
"8","HESTER_noWikiID","Cluster 1"
"9","THE_UNCLASSED_Q7771311","Cluster 1"
"10","HALF_A_LIFE-TIME_AGO_noWikiID","Cluster 4"
"11","NORTH_AND_SOUTH_(GASKELL_NOVEL)_Q1853142","Cluster 2"
"12","THE_QUIET_HEART_noWikiID","Cluster 4"
"13","LORD_JIM_Q727408","Cluster 2"
"14","THE_HORRORS_OF_OAKENDALE_ABBEY_Q7740333","Cluster 4"
"15","THE_CHILDREN_OF_THE_ABBEY_Q7722505","Cluster 2"
"16","THE_MONK_Q2659564","Cluster 3"
"17","MEMOIRS_OF_EMMA_COURTNEY_Q2395365","Cluster 4"
"18","SCENES_OF_CLERICAL_LIFE_Q6544172","Cluster 3"
"19","JOHN_HALIFAX_GENTLEMAN_Q6237289","Cluster 1"
"20","COUSIN_PHILLIS_noWikiID","Cluster 4"
"21","SYLVIAS_LOVERS_Q14566477","Cluster 3"
"22","MY_LADY_LUDLOW_Q16387198","Cluster 3"
"23","THE_MYSTERIES_OF_UDOLPHO_Q2600909","Cluster 2"
"24","LILITH_noWikiID","Cluster 3"
"25","THE_ROMANCE_OF_THE_FOREST_Q3406503","Cluster 2"
"26","PETER'S_PENCE_noWikiID","Cluster 4"
"27","THE_HOUSE_WITH_THE_GREEN_SHUTTERS_Q7740720","Cluster 4"
"28","SENTIMENTAL_TOMMY_noWikiID","Cluster 3"
"29","TALES_OF_MEAN_STREETS_noWikiID","Cluster 3"
"30","THE_CHILDREN_OF_THE_NEW_FOREST_Q7722508","Cluster 4"
"31","THE_SETTLERS_IN_CANADA_Q7763415","Cluster 4"
"32","SYBIL_Q3506752","Cluster 3"
"33","CATRIONA_noWikiID","Cluster 4"
"34","THE_LITTLE_MINISTER_noWikiID","Cluster 3"
"35","THE_ADVENTURES_OF_PEREGRINE_PICKLE_Q7712607","Cluster 3"
"36","KIDNAPPED_(NOVEL)_Q2349094","Cluster 3"
"37","THE_MASTER_OF_BALLANTRAE_Q2615930","Cluster 3"
"38","RED_POTTAGE_noWikiID","Cluster 3"
"39","THE_BETH_BOOK_noWikiID","Cluster 2"
"40","THE_CHANGELING_noWikiID","Cluster 2"
"41","THE_HEAVENLY_TWINS_noWikiID","Cluster 1"
"42","MARRIAGE_noWikiID","Cluster 3"
"43","HARRINGTON_noWikiID","Cluster 3"
"44","PATRONAGE_(NOVEL)_Q7148133","Cluster 2"
"45","THE_ADVENTURES_OF_A_BROWNIE_noWikiID","Cluster 4"
"46","THE_ADVENTURES_OF_RODERICK_RANDOM_Q7712626","Cluster 2"
"47","AT_THE_BACK_OF_THE_NORTH_WIND_Q1619593","Cluster 3"
"48","MOPSA_THE_FAIRY_noWikiID","Cluster 3"
"49","THROUGH_THE_LOOKING-GLASS_Q220331","Cluster 3"
"50","THE_WIDOW_BARNABY_noWikiID","Cluster 3"
"51","HELEN_noWikiID","Cluster 1"
"52","THE_CONFESSIONS_OF_HARRY_LORREQUER_noWikiID","Cluster 3"
"53","STORIES_OF_RED_HANRAHAN_noWikiID","Cluster 4"
"54","JOHN_BURNET_OF_BARNS_noWikiID","Cluster 3"
"55","THE_SECRET_ROSE_noWikiID","Cluster 4"
"56","THE_UNTILLED_FIELD_noWikiID","Cluster 3"
"57","THE_HISTORY_OF_TOM_JONES,_A_FOUNDLING_Q248096","Cluster 2"
"58","DOMBEY_AND_SON_Q963659","Cluster 1"
"59","SHIRLEY_(NOVEL)_Q615175","Cluster 2"
"60","SONS_AND_LOVERS_Q80771","Cluster 4"
"61","THE_WHITE_PEACOCK_Q7774542","Cluster 3"
"62","THE_CROCK_OF_GOLD_(NOVEL)_Q7728134","Cluster 3"
"63","THE_FORSYTE_SAGA_Q735319","Cluster 1"
"64","THE_MYSTERY_OF_EDWIN_DROOD_Q1168105","Cluster 4"
"65","NO_THOROUGHFARE_Q7045074","Cluster 2"
"66","OUR_MUTUAL_FRIEND_Q1557935","Cluster 3"
"67","THE_TENANTS_OF_MALORY_noWikiID","Cluster 3"
"68","CLARISSA_Q980534","Cluster 2"
"69","THE_ADVENTURES_OF_SHERLOCK_HOLMES_Q392147","Cluster 3"
"70","AN_IRISH_COUSIN_noWikiID","Cluster 3"
"71","NEW_GRUB_STREET_noWikiID","Cluster 1"
"72","KING_SOLOMON'S_MINES_Q1137494","Cluster 3"
"73","HOWARDS_END_Q1146642","Cluster 3"
"74","TONO-BUNGAY_Q1535422","Cluster 3"
"75","THE_LONGEST_JOURNEY_Q15999894","Cluster 3"
"76","ANN_VERONICA_Q1247736","Cluster 3"
"77","THE_ENCHANTED_CASTLE_Q2920166","Cluster 3"
"78","THE_PHOENIX_AND_THE_CARPET_Q3795974","Cluster 3"
"79","HARD_CASH_(NOVEL)_Q30314349","Cluster 3"
"80","THE_STORY_OF_THE_AMULET_Q7766831","Cluster 4"
"81","A_LITTLE_PRINCESS_Q10483376","Cluster 4"
"82","THE_STORY_OF_A_MODERN_WOMAN_Q7766819","Cluster 3"
"83","THE_ODD_WOMEN_Q7754692","Cluster 1"
"84","THE_EXPERIENCES_OF_LOVEDAY_BROOKE,_LADY_DETECTIVE_noWikiID","Cluster 3"
"85","A_JOURNEY_FROM_THIS_WORLD_TO_THE_NEXT_noWikiID","Cluster 4"
"86","FORTUNATE_FOUNDLINGS_noWikiID","Cluster 4"
"87","JONATHAN_WILD_noWikiID","Cluster 3"
"88","ANNALS_OF_THE_PARISH_Q4767877","Cluster 4"
"89","THE_HEART_OF_MIDLOTHIAN_Q2091094","Cluster 2"
"90","GREAT_EXPECTATIONS_Q219552","Cluster 2"
"91","THE_BLACK_DWARF_noWikiID","Cluster 2"
"92","DANIEL_DERONDA_Q552238","Cluster 2"
"93","THE_WAY_WE_LIVE_NOW_Q7773866","Cluster 1"
"94","HE_KNEW_HE_WAS_RIGHT_noWikiID","Cluster 1"
"95","A_CHILD_OF_THE_JAGO_Q4655860","Cluster 4"
"96","ESTHER_WATERS_Q5401319","Cluster 3"
"97","THE_STORY_OF_MY_HEART_Q7766776","Cluster 3"
"98","ACROSS_THE_ZODIAC_Q4676516","Cluster 3"
"99","THE_AUTOBIOGRAPHY_OF_MARK_RUTHERFORD_noWikiID","Cluster 4"
"100","VRIL_Q510699","Cluster 3"
"101","NO_NAME_(NOVEL)_Q7044605","Cluster 1"
"102","THE_LITTLE_LAME_PRINCE_AND_HIS_TRAVELLING_CLOAK_Q7747642","Cluster 4"
"103","ROOKWOOD_(NOVEL)_Q7366231","Cluster 2"
"104","THE_FIDDLER_OF_THE_REELS_Q2288667","Cluster 4"
"105","THE_BEACH_OF_FALESA_Q7715970","Cluster 3"
"106","PLAIN_TALES_FROM_THE_HILLS_Q3484772","Cluster 3"
"107","PUCK_OF_POOK'S_HILL_Q4342308","Cluster 4"
"108","LOVE_AMONG_THE_RUINS_noWikiID","Cluster 3"
"109","KIM_(NOVEL)_Q589868","Cluster 4"
"110","THE_MERCENARY_LOVER_noWikiID","Cluster 4"
"111","SIR_NIGEL_Q1963997","Cluster 4"
"112","CASTLE_RICHMOND_Q5050241","Cluster 1"
"113","LADY_AUDLEY'S_SECRET_Q2738351","Cluster 3"
"114","ZULEIKA_DOBSON_Q8075113","Cluster 4"
"115","SANDERS_OF_THE_RIVER_noWikiID","Cluster 3"
"116","THE_BLACK_PROPHET_noWikiID","Cluster 3"
"117","MARTIN_CHUZZLEWIT_Q1903609","Cluster 1"
"118","FARDOROUGHA_THE_MISER_noWikiID","Cluster 4"
"119","WHAT_MAISIE_KNEW_Q2943614","Cluster 3"
"120","THE_REAL_CHARLOTTE_noWikiID","Cluster 4"
"121","MILLENIUM_HALL_Q6858753","Cluster 2"
"122","THE_O'DONOGHUE_noWikiID","Cluster 1"
"123","THE_TOWER_OF_LONDON_(NOVEL)_Q2414713","Cluster 3"
"124","THE_ADVENTURES_OF_HAJJI_BABA_noWikiID","Cluster 2"
"125","DEERBROOK_noWikiID","Cluster 2"
"126","CONFESSIONS_OF_A_THUG_(NOVEL)_Q5160036","Cluster 3"
"127","THE_PIRATE_(NOVEL)_Q3225628","Cluster 4"
"128","THE_MONASTERY_Q3224650","Cluster 3"
"129","THE_ABBOT_Q2717772","Cluster 2"
"130","THE_BRIDE_OF_LAMMERMOOR_Q2659725","Cluster 2"
"131","ROXANA_Q3825485","Cluster 2"
"132","MOLL_FLANDERS_Q612523","Cluster 3"
"133","THE_HISTORY_AND_REMARKABLE_LIFE_OF_THE_TRULY_HONOURABLE_COL_noWikiID","Cluster 2"
"134","A_JOURNAL_OF_THE_PLAGUE_YEAR_Q1215399","Cluster 4"
"135","VALPERGA_noWikiID","Cluster 3"
"136","THE_HOUSE_ON_THE_BORDERLAND_Q740473","Cluster 4"
"137","THE_FIRST_MEN_IN_THE_MOON_Q1218232","Cluster 3"
"138","THE_HILL_OF_DREAMS_Q1394147","Cluster 4"
"139","EVELINA_Q1635110","Cluster 1"
"140","THE_TRIUMPH_OF_PRUDENCE_OVER_PASSION_noWikiID","Cluster 3"
"141","THE_CAXTONS_Q16385244","Cluster 4"
"142","JANE_EYRE_Q182961","Cluster 1"
"143","THE_CASTLE_OF_OTRANTO_Q548576","Cluster 4"
"144","LONGSWORD_(NOVEL)_Q104859091","Cluster 4"
"145","THE_HISTORY_OF_THE_COUNTESS_OF_DELLWYN_Q19902681","Cluster 4"
"146","QUENTIN_DURWARD_Q2469230","Cluster 2"
"147","THE_HERO_noWikiID","Cluster 3"
"148","TOMMY_AND_GRIZEL_Q124090899","Cluster 3"
"149","RINGAN_GILHAIZE_noWikiID","Cluster 4"
"150","THE_THREE_PERILS_OF_MAN_Q96409659","Cluster 3"
"151","OLD_MORTALITY_Q3234969","Cluster 3"
"152","THE_BROWNIE_OF_BODSBECK_Q96408508","Cluster 3"
"153","CARMILLA_Q1043792","Cluster 4"
"154","ST_MARTIN'S_EVE_noWikiID","Cluster 3"
"155","UNCLE_SILAS_Q3835925","Cluster 3"
"156","THE_WELL_AT_THE_WORLD'S_END_Q2384134","Cluster 3"
"157","SAINT_RONAN'S_WELL_Q3232270","Cluster 2"
"158","THE_WHITE_COMPANY_noWikiID","Cluster 3"
"159","A_DREAM_OF_JOHN_BALL_noWikiID","Cluster 3"
"160","THE_BLACK_ARROW_noWikiID","Cluster 3"
"161","THE_OLD_WIVES'_TALE_noWikiID","Cluster 3"
"162","THE_CLAYHANGER_noWikiID","Cluster 3"
"163","PETER_THE_WHALER_noWikiID","Cluster 3"
"164","MASTERMAN_READY_OR_THE_WRECK_OF_THE_PACIFIC_Q6785376","Cluster 3"
"165","AYESHA_(NOVEL)_Q2604590","Cluster 4"
"166","DRACULA_Q41542","Cluster 3"
"167","BLIND_LOVE_noWikiID","Cluster 4"
"168","THE_MYSTERY_OF_A_HANSOM_CAB_noWikiID","Cluster 4"
"169","DEMOS_noWikiID","Cluster 1"
"170","THYRZA_noWikiID","Cluster 2"
"171","THE_TAILOR_OF_GLOUCESTER_noWikiID","Cluster 4"
"172","THE_TALE_OF_PETER_RABBIT_Q580463","Cluster 3"
"173","NOUGHTS_&_CROSSES_noWikiID","Cluster 3"
"174","THE_MARTIAN_noWikiID","Cluster 4"
"175","THE_FORTUNES_OF_NIGEL_Q3230799","Cluster 3"
"176","ROB_ROY_Q2156104","Cluster 2"
"177","ROBINSON_CRUSOE_Q483034","Cluster 2"
"178","HISTORY_OF_JOHN_BULL_noWikiID","Cluster 2"
"179","PHILISTIA_noWikiID","Cluster 4"
"180","EXILUS_noWikiID","Cluster 3"
"181","A_TALE_OF_A_TUB_Q2353123","Cluster 2"
"182","THE_DOCTOR'S_WIFE_(MOORE_NOVEL)_Q7730467","Cluster 3"
"183","ORLEY_FARM_(NOVEL)_Q16962094","Cluster 1"
"184","THE_MILL_ON_THE_FLOSS_Q1215018","Cluster 2"
"185","MAX_noWikiID","Cluster 4"
"186","PAMELA_OR_VIRTUE_REWARDED_Q2048624","Cluster 1"
"187","JOSEPH_ANDREWS_Q784226","Cluster 2"
"188","WAVERLEY_Q678251","Cluster 2"
"189","GUY_MANNERING_Q2288976","Cluster 2"
"190","THE_MUMMER'S_WIFE_Q42186018","Cluster 2"
"191","THE_SCOTTISH_CHIEFS_noWikiID","Cluster 3"
"192","THE_ASPERN_PAPERS_Q2362409","Cluster 4"
"193","THE_ANTI-PAMELA_Q7713932","Cluster 2"
"194","THE_REFORM'D_COQUET_Q7760024","Cluster 3"
"195","FANTOMINA_Q5434405","Cluster 4"
"196","THE_TRAIL_OF_THE_SERPENT_Q24971199","Cluster 4"
"197","THE_KING_AND_QUEEN_OF_HEARTS_noWikiID","Cluster 3"
"198","RECOLLECTIONS_OF_A_DETECTIVE_POLICE_OFFICER_noWikiID","Cluster 4"
"199","THE_WOMAN_IN_WHITE_(NOVEL)_Q1212672","Cluster 3"
"200","THE_ADVENTURES_OF_HUGH_TREVOR_noWikiID","Cluster 3"
"201","THE_LANDLEAGUERS_noWikiID","Cluster 2"
"202","SECRESY_noWikiID","Cluster 3"
"203","ST_LEON_Q7589523","Cluster 2"
"204","THE_BATTLE_OF_THE_BOOKS_Q7715895","Cluster 2"
"205","THE_FAIR_JILT_Q18393398","Cluster 2"
"206","VERTUE_REWARDED_Q104811485","Cluster 2"
"207","OROONOKO_Q2453934","Cluster 2"
"208","THE_AMERICAN_Q3080503","Cluster 2"
"209","RECORDS_OF_A_GIRLHOOD_noWikiID","Cluster 3"
"210","CAPTAIN_SINGLETON_Q1728631","Cluster 3"
"211","MEMOIRS_OF_A_CAVALIER_Q6815274","Cluster 3"
"212","A_SENTIMENTAL_JOURNEY_THROUGH_FRANCE_AND_ITALY_Q768792","Cluster 4"
"213","THE_MAN_WHO_COULD_WORK_MIRACLES_(SHORT_STORY)_Q7749926","Cluster 4"
"214","THE_INVISIBLE_MAN_Q1539509","Cluster 4"
"215","PLATTNER_STORY_noWikiID","Cluster 2"
"216","THE_PARASITE_Q5295669","Cluster 4"
"217","CONINGSBY_Q5161083","Cluster 3"
"218","THE_PROVOST_noWikiID","Cluster 4"
"219","THE_AYRSHIRE_LEGATEES_noWikiID","Cluster 4"
"220","WINTER_EVENING_TALES_Q96415343","Cluster 4"
"221","THE_SILVERADO_SQUATTERS_noWikiID","Cluster 3"
"222","A_LADY'S_LIFE_IN_THE_ROCKY_MOUNTAINS_noWikiID","Cluster 4"
"223","THE_SMALL_HOUSE_AT_ALLINGTON_Q7764868","Cluster 2"
"224","THE_LIFE_AND_OPINIONS_OF_TRISTRAM_SHANDY_GENTLEMAN_Q1164083","Cluster 4"
"225","EREWHON_Q1350048","Cluster 3"
"226","ESTHER_noWikiID","Cluster 3"
"227","THE_WOODLANDERS_Q2254480","Cluster 3"
"228","THREE_WEEKS_noWikiID","Cluster 4"
"229","CAPTAINS_COURAGEOUS_Q1035138","Cluster 4"
"230","THE_EBB-TIDE_Q4674957","Cluster 3"
"231","CLEG_KELLY_noWikiID","Cluster 4"
"232","THE_ANTIQUARY_Q1157183","Cluster 3"
"233","THE_HEROINE_noWikiID","Cluster 2"
"234","THE_JUNGLE_BOOK_Q189509","Cluster 4"
"235","LIFE_AND_ADVENTURES_OF_PETER_WILKINS_noWikiID","Cluster 3"
"236","THE_MAN_WHO_WOULD_BE_KING_Q1129936","Cluster 4"
"237","PRINCE_RICARDO_OF_PANTOUFLIA_noWikiID","Cluster 4"
"238","THE_YOUNG_DUKE_Q45028402","Cluster 2"
"239","VIVIAN_GREY_Q7937713","Cluster 2"
"240","THE_LAST_MAN_noWikiID","Cluster 2"
"241","MR_MIDSHIPMAN_EASY_Q1936382","Cluster 4"
"242","HOLIDAY_HOUSE_noWikiID","Cluster 4"
"243","SILAS_MARNER_Q638327","Cluster 4"
"244","ADAM_BEDE_Q2611046","Cluster 3"
"245","LITTLE_DORRIT_Q565638","Cluster 1"
"246","JACK_SHEPPARD_noWikiID","Cluster 2"
"247","CONFESSIONS_OF_A_YOUNG_MAN_Q5160039","Cluster 3"
"248","A_DRAMA_IN_MUSLIN_noWikiID","Cluster 3"
"249","THE_CANTERVILLE_GHOST_Q288020","Cluster 3"
"250","LOVE_IN_EXCESS;_OR_THE_FATAL_ENQUIRY_Q1588738","Cluster 3"
"251","A_PATCH-WORK_SCREEN_FOR_THE_LADIES_noWikiID","Cluster 3"
"252","LOVE_INTRIGUES_noWikiID","Cluster 3"
"253","THE_WOULDBEGOODS_noWikiID","Cluster 3"
"254","NORTHANGER_ABBEY_Q477508","Cluster 4"
"255","PERSUASION_(NOVEL)_Q333179","Cluster 4"
"256","STALKY_&_CO._Q4439259","Cluster 4"
"257","OLIVER_TWIST_Q164974","Cluster 1"
"258","ON_THE_FACE_OF_THE_WATERS_Q59151630","Cluster 3"
"259","MARIUS_THE_EPICUREAN_Q5477441","Cluster 4"
"260","THE_OLD_CURIOSITY_SHOP_Q2700616","Cluster 2"
"261","THE_TALISMAN_(SCOTT_NOVEL)_Q952340","Cluster 3"
"262","IVANHOE_Q840974","Cluster 3"
"263","KENILWORTH_Q2600597","Cluster 3"
"264","WIVES_AND_DAUGHTERS_Q2453239","Cluster 1"
"265","THE_SHADOW_OF_ASHLYDYAT_noWikiID","Cluster 1"
"266","A_CRYSTAL_AGE_Q4656205","Cluster 4"
"267","ALL_SORTS_AND_CONDITIONS_OF_MEN_noWikiID","Cluster 1"
"268","THE_PICKWICK_PAPERS_Q460583","Cluster 1"
"269","THE_HAUNTED_MAN_AND_THE_GHOST'S_BARGAIN_Q3795070","Cluster 4"
"270","WUTHERING_HEIGHTS_Q202975","Cluster 3"
"271","THE_ISLAND_OF_DOCTOR_MOREAU_Q718268","Cluster 3"
"272","DR_JEKYLL_AND_MR_HYDE_Q217352","Cluster 4"
"273","THE_DYNAMITER_noWikiID","Cluster 3"
"274","OUR_VILLAGE_Q7111226","Cluster 4"
"275","THE_FAIRCHILD_FAMILY_noWikiID","Cluster 4"
"276","NIGHTMARE_ABBEY_Q4054406","Cluster 4"
"277","THE_HILL_noWikiID","Cluster 4"
"278","THE_HISTORY_OF_JACK_CONNOR_noWikiID","Cluster 3"
"279","THE_VICAR_OF_WREXHILL_noWikiID","Cluster 1"
"280","CATHERINE,_A_STORY_noWikiID","Cluster 4"
"281","JORROCK'S_JAUNTS_AND_JOLLITIES_noWikiID","Cluster 4"
"282","HIDE_AND_SEEK_noWikiID","Cluster 2"
"283","THE_PHANTOM_COACH_noWikiID","Cluster 4"
"284","ROMOLA_Q7363279","Cluster 4"
"285","THE_CARVED_LIONS_Q7721468","Cluster 4"
"286","THE_RECOLLECTIONS_OF_GEOFFREY_HAMLYN_Q121356927","Cluster 3"
"287","WESTWARD_HO_noWikiID","Cluster 3"
"288","THE_YOUNG_FUR_TRADERS_noWikiID","Cluster 3"
"289","THE_WORLD_SET_FREE_Q5051290","Cluster 4"
"290","YEAST_noWikiID","Cluster 3"
"291","THE_NEW_MACHIAVELLI_Q10381652","Cluster 3"
"292","THE_WAR_IN_THE_AIR_Q964055","Cluster 3"
"293","A_BELEAGUERED_CITY_noWikiID","Cluster 4"
"294","THE_BEETLE_(NOVEL)_Q7716299","Cluster 3"
"295","COELEBS_IN_SEARCH_OF_A_WIFE_Q5140605","Cluster 4"
"296","SELF-CONTROL_(NOVEL)_Q3478102","Cluster 1"
"297","TALES_OF_FASHIONABLE_LIFE_noWikiID","Cluster 1"
"298","THE_MOONSTONE_Q2362563","Cluster 3"
"299","ARMADALE_Q4792516","Cluster 2"
"300","THE_PROFESSOR_(NOVEL)_Q762203","Cluster 4"
"301","SUSPIRIA_DE_PROFUNDIS_Q3978307","Cluster 4"
"302","VILLETTE_(NOVEL)_Q2449570","Cluster 3"
"303","THE_FIXED_PERIOD_Q7734312","Cluster 4"
"304","THE_LUCK_OF_BARRY_LYNDON_Q2124771","Cluster 4"
"305","THE_RIDDLE_OF_THE_SANDS_Q1170204","Cluster 3"
"306","THE_SLEEPER_AWAKES_Q650949","Cluster 3"
"307","AFTER_LONDON;_OR,_WILD_ENGLAND_noWikiID","Cluster 4"
"308","CELIBATES_noWikiID","Cluster 3"
"309","EREWHON_REVISITED_Q5385740","Cluster 3"
"310","THE_CLEVER_WOMAN_OF_THE_FAMILY_noWikiID","Cluster 2"
"311","ADELINE_MOWBRAY_Q65083334","Cluster 2"
"312","THE_STRING_OF_PEARLS_Q7767037","Cluster 2"
"313","THE_FATHER_AND_DAUGHTER_Q65052285","Cluster 4"
"314","POPULAR_TALES_noWikiID","Cluster 1"
"315","THE_DEAD_SECRET_Q16934313","Cluster 3"
"316","THE_SORROWS_OF_SATAN_Q13424700","Cluster 3"
"317","THE_HISTORY_OF_THE_FAIRCHILD_FAMILY_Q7739822","Cluster 4"
"318","THE_VILLAGE_IN_THE_JUNGLE_Q19902832","Cluster 4"
"319","THE_THREE_BROTHERS_noWikiID","Cluster 3"
"320","TALE_OF_TWO_BAD_MICE_noWikiID","Cluster 4"
"321","THE_STORY_OF_THE_TREASURE_SEEKERS_Q7766848","Cluster 4"
"322","THE_DEMI-GODS_noWikiID","Cluster 4"
"323","VARNEY_THE_VAMPIRE_Q1987925","Cluster 1"
"324","THE_KING_OF_THE_PIRATES_noWikiID","Cluster 3"
"325","NATURE_AND_ART_Q48770862","Cluster 4"
"326","THE_GORILLA_HUNTERS_Q17015740","Cluster 3"
"327","CORAL_ISLAND_Q4232653","Cluster 3"
"328","THE_INHERITORS_(CONRAD_AND_FORD_NOVEL)_Q7742035","Cluster 3"
"329","LOVE_AND_MR_LEWISHAM_Q4271834","Cluster 4"
"330","THE_AWKWARD_AGE_noWikiID","Cluster 3"
"331","TRILBY_(NOVEL)_Q1691967","Cluster 4"
"332","CHILDREN_OF_THE_GHETTO_noWikiID","Cluster 3"
"333","A_LEGEND_OF_MONTROSE_Q3549611","Cluster 4"
"334","EAST_LYNNE_Q5328900","Cluster 1"
"335","THE_ADVENTURES_OF_ANTHONY_VARNISH_noWikiID","Cluster 3"
"336","AN_OUTCAST_OF_THE_ISLANDS_Q1090444","Cluster 3"
"337","THE_PARENT'S_ASSISTANT_Q3522169","Cluster 2"
"338","THE_CASTLE_OF_WOLFENBACH_Q3520218","Cluster 3"
"339","THE_LIFE_OF_HARRIOT_STUART_noWikiID","Cluster 4"
"340","THE_GREAT_GOD_PAN_Q1394704","Cluster 4"
"341","THE_PORTRAIT_OF_MR._W._H._noWikiID","Cluster 4"
"342","TANCRED_(NOVEL)_Q7682378","Cluster 4"
"343","THE_FAIR_MAID_OF_PERTH_Q3209885","Cluster 3"
"344","REDGAUNTLET_Q3422871","Cluster 3"
"345","A_MODERN_UTOPIA_Q1249074","Cluster 4"
"346","THE_HISTORY_OF_SANDFORD_AND_MERTON_Q7739806","Cluster 3"
"347","THE_PRIVATE_PAPERS_OF_HENRY_RYECROFT_Q17027661","Cluster 3"
"348","THE_AMBASSADORS_Q650571","Cluster 3"
"349","THE_FALLEN_LEAVES_(BOOK)_Q85807134","Cluster 3"
"350","THE_LAW_AND_THE_LADY_(NOVEL)_Q3480742","Cluster 3"
"351","MY_KALULU_PRINCE,_KING,_AND_SLAVE_noWikiID","Cluster 4"
"352","LORNA_DOONE_Q3400981","Cluster 3"
"353","OUT_ON_THE_PAMPAS_noWikiID","Cluster 3"
"354","THE_WINGS_OF_A_DOVE_Q1557588","Cluster 3"
"355","THE_SPOILS_OF_POYNTON_Q3809486","Cluster 3"
"356","PETER_AND_WENDY_Q3435337","Cluster 4"
"357","CECILIA_Q3233990","Cluster 1"
"358","SKETCHES_BY_BOZ_Q2609480","Cluster 1"
"359","EUGENE_ARAM_(NOVEL)_Q16385636","Cluster 2"
"360","THE_MANXMAN_noWikiID","Cluster 3"
"361","JUDE_THE_OBSCURE_Q1248773","Cluster 3"
"362","THE_HISTORY_OF_EMILY_MONTAGUE_Q42191035","Cluster 4"
"363","MEMOIRS_OF_A_MAGDALEN_Q6815279","Cluster 4"
"364","GOING_TO_MAYNOOTH_noWikiID","Cluster 4"
"365","THE_ENTAIL_noWikiID","Cluster 4"
"366","THE_FOOL_OF_QUALITY_Q7734703","Cluster 3"
"367","FELIX_HOLT_THE_RADICAL_Q5442230","Cluster 2"
"368","THE_HISTORY_OF_SIR_CHARLES_GRANDISON_Q3521260","Cluster 3"
"369","THE_WRECKER_Q2753955","Cluster 3"
"370","THE_EVIL_GUEST_noWikiID","Cluster 4"
"371","COCK_AND_ANCHOR_noWikiID","Cluster 3"
"372","DISCIPLINE_noWikiID","Cluster 2"
"373","TYPHOON_Q1329329","Cluster 4"
"374","THE_NIGGER_OF_THE_NARCISSUS_Q478537","Cluster 4"
"375","HEART_OF_DARKNESS_Q129778","Cluster 3"
"376","BLACK_BEAUTY_Q880092","Cluster 4"
"377","THE_NETHER_WORLD_Q7753436","Cluster 2"
"378","THE_ROMANCE_OF_A_SHOP_Q17019147","Cluster 4"
"379","THE_HISTORY_OF_MISS_BETSY_THOUGHTLESS_noWikiID","Cluster 2"
"380","A_WORLD_OF_GIRLS_noWikiID","Cluster 3"
"381","NOSTROMO_Q430248","Cluster 3"
"382","GULLIVER'S_TRAVELS_Q181488","Cluster 3"
"383","A_ROOM_WITH_A_VIEW_Q120288","Cluster 4"
"384","THE_PRIME_MINISTER_noWikiID","Cluster 2"
"385","THE_MUDFOG_PAPERS_Q7752595","Cluster 4"
"386","DREAMERS_OF_THE_GHETTO_noWikiID","Cluster 3"
"387","THE_PRIVATE_MEMOIRS_AND_CONFESSIONS_OF_A_JUSTIFIED_SINNER_Q2992437","Cluster 4"
"388","THE_LIFTED_VEIL_(NOVELLA)_Q6763446","Cluster 4"
"389","PHANTASTES_Q1616808","Cluster 4"
"390","THE_FEMALE_QUIXOTE_Q1404172","Cluster 2"
"391","THE_KING'S_OWN_noWikiID","Cluster 2"
"392","MY_NEW_CURATE_noWikiID","Cluster 3"
"393","FANNY_HILL_Q1395765","Cluster 4"
"394","THE_GRIM_SMILE_OF_THE_FIVE_TOWNS_Q24255934","Cluster 4"
"395","IT_IS_NEVER_TOO_LATE_TO_MEND_(NOVEL)_Q6091852","Cluster 3"
"396","KIPPS_Q1249082","Cluster 3"
"397","THE_LIGHT_PRINCESS_noWikiID","Cluster 4"
"398","THE_WATER-BABIES_A_FAIRY_TALE_FOR_A_LAND_BABY_Q14914646","Cluster 3"
"399","TREASURE_ISLAND_Q185118","Cluster 4"
"400","THE_THREE_MIDSHIPMEN_noWikiID","Cluster 4"
"401","SANDITON_Q3180417","Cluster 4"
"402","THE_YOUNG_BUGLERS_noWikiID","Cluster 3"
"403","HELBECK_OF_BANNISDALE_Q19572074","Cluster 4"
"404","GHETTO_TRAGEDIES_noWikiID","Cluster 3"
"405","MORAL_TALES_noWikiID","Cluster 3"
"406","BELINDA_noWikiID","Cluster 2"
"407","SON_OF_MARS_noWikiID","Cluster 4"
"408","LEVER'S_LORD_KILGOBBIN_noWikiID","Cluster 3"
"409","AULD_LICHT_IDYLLS_noWikiID","Cluster 3"
"410","THE_SHADOW_OF_A_CRIME_1885_noWikiID","Cluster 2"
"411","SIR_GIBBIE_noWikiID","Cluster 3"
"412","EMMA_(NOVEL)_Q223880","Cluster 3"
"413","THE_MAYOR_OF_CASTERBRIDGE_Q2343169","Cluster 3"
"414","THE_WHIRLPOOL_noWikiID","Cluster 3"
"415","JUST_SO_STORIES_Q1247723","Cluster 4"
"416","THE_SECOND_JUNGLE_BOOK_Q1101819","Cluster 4"
"417","THE_MACDERMOTS_OF_BALLYCORAN_noWikiID","Cluster 4"
"418","ANTAR_noWikiID","Cluster 4"
"419","PHINEAS_REDUX_Q7186370","Cluster 1"
"420","WILLING_TO_DIE_noWikiID","Cluster 2"
"421","THE_LAND_IRONCLADS_Q7745355","Cluster 4"
"422","THE_NEW_ACCELERATOR_Q7753474","Cluster 4"
"423","SENSE_AND_SENSIBILITY_Q274744","Cluster 3"
"424","THE_MAN_noWikiID","Cluster 4"
"425","THE_GOLDEN_BOWL_Q1248585","Cluster 4"
"426","SOME_EXPERIENCES_OF_AN_IRISH_R.M._noWikiID","Cluster 4"
"427","HEADLONG_HALL_Q5689829","Cluster 4"
"428","THE_DAYS_OF_AULD_LANGSYNE_noWikiID","Cluster 4"
"429","A_WINDOW_IN_THRUMS_noWikiID","Cluster 3"
"430","THE_DIARY_OF_A_NOBODY_Q864150","Cluster 4"
"431","DIANA_OF_THE_CROSSWAYS_Q5271362","Cluster 3"
"432","CAMILLA_Q2934813","Cluster 4"
"433","BARCHESTER_TOWERS_Q4859885","Cluster 2"
"434","PRIDE_AND_PREJUDICE_Q170583","Cluster 2"
"435","A_TALE_OF_TWO_CITIES_Q308918","Cluster 2"
"436","CHRONICLES_OF_THE_CANONGATE_Q17352486","Cluster 4"
"437","ADVENTURES_OF_A_PINCUSHION_noWikiID","Cluster 4"
"438","LIFE_AND_PERAMBULATIONS_OF_A_MOUSE_noWikiID","Cluster 4"
"439","THE_ALTAR_OF_THE_DEAD_Q7713242","Cluster 4"
"440","A_SPORTSMAN'S_SKETCHES_noWikiID","Cluster 4"
"441","THE_ROMANY_RYE_Q7761435","Cluster 4"
"442","TOM_BROWN'S_SCHOOL_DAYS_Q7815084","Cluster 4"
"443","RUJUB_THE_JUGGLER_noWikiID","Cluster 4"
"444","THE_RAGGED-TROUSERED_PHILANTHROPISTS_Q7759270","Cluster 4"
"445","EMMA_OR_THE_UNFORTUNATE_ATTACHMENT_noWikiID","Cluster 2"
"446","THE_HEIR_OF_REDCLYFFE_Q7739314","Cluster 2"
"447","THE_OUTCAST_noWikiID","Cluster 4"
"448","THE_HAPPY_PRINCE_AND_OTHER_TALES_Q797466","Cluster 4"
"449","SHE_A_HISTORY_OF_ADVENTURE_Q640513","Cluster 4"
"450","THE_HISTORY_OF_RASSELAS,_PRINCE_OF_ABYSSINIA_Q3419875","Cluster 4"
"451","ODD_MAN_OUT_noWikiID","Cluster 4"
"452","THE_GREAT_WAR_IN_ENGLAND_IN_1897_Q7737983","Cluster 4"
"453","THE_BOOK_OF_WONDER_Q7719322","Cluster 4"
"454","THE_WARDEN_Q3818437","Cluster 4"
"455","THE_KELLYS_AND_THE_O'KELLYS_Q7744082","Cluster 4"
"456","ROBERT_FALCONER_noWikiID","Cluster 4"
"457","THE_TENANT_OF_WILDFELL_HALL_Q44701","Cluster 2"
"458","DAVID_ELGINBROD_Q5233331","Cluster 3"
"459","ALEC_FORBES_OF_HOWGLEN_noWikiID","Cluster 4"
"460","ADELA_CATHCART_noWikiID","Cluster 4"
"461","COMETH_UP_AS_A_FLOWER_Q19571321","Cluster 3"
"462","DESPERATE_REMEDIES_Q2846293","Cluster 3"
"463","MARY_A_FICTION_Q2900963","Cluster 3"
"464","THE_ADVENTURES_OF_RIVELLA_Q85806338","Cluster 3"
"465","IMPRESSIONS_OF_THEOPHRASTUS_SUCH_Q6007633","Cluster 4"
"466","THE_WILD_IRISH_GIRL_Q7774872","Cluster 3"
"467","THE_EMIGRANTS_OF_AHADARRA_noWikiID","Cluster 4"
"468","DAVID_COPPERFIELD_Q189811","Cluster 1"
"469","AGNES_GREY_Q517172","Cluster 3"
"470","THE_NEWCOMES_Q3522018","Cluster 2"
"471","THE_MAN_OF_FEELING_Q7750109","Cluster 4"
"472","BORN_IN_EXILE_Q4945890","Cluster 4"
"473","THE_HOUND_OF_THE_BASKERVILLES_Q45192","Cluster 4"
"474","THE_STICKIT_MINISTER_noWikiID","Cluster 4"
"475","WEIR_OF_HERMISTON_Q1213386","Cluster 4"
"476","THE_CONSOLIDATOR_Q60753482","Cluster 3"
"477","TWO_ON_A_TOWER_Q7859431","Cluster 4"
"478","THE_RETURN_OF_THE_NATIVE_Q141568","Cluster 2"
"479","BASIL_noWikiID","Cluster 2"
"480","THE_WAY_OF_ALL_FLESH_Q255074","Cluster 4"
"481","THE_INTERPRETERS_noWikiID","Cluster 4"
"482","AFTER_DARK_noWikiID","Cluster 3"
"483","THE_BODY-SNATCHER_noWikiID","Cluster 4"
"484","THE_GOVERNESS;_OR,_THE_LITTLE_FEMALE_ACADEMY_Q7737400","Cluster 4"
"485","THE_TITHE_PROCTOR_noWikiID","Cluster 4"
"486","THE_TURN_OF_THE_SCREW_Q625923","Cluster 4"
"487","THE_PERILS_OF_CERTAIN_ENGLISH_PRISONERS_noWikiID","Cluster 4"
"488","SEVEN_LITTLE_AUSTRALIANS_Q7457323","Cluster 4"
"489","TESS_OF_THE_D'URBERVILLES_Q649409","Cluster 3"
"490","THE_GREAT_TABOO_noWikiID","Cluster 4"
"491","CASTLE_RACKRENT_Q5050238","Cluster 4"
"492","HEART_AND_SCIENCE_noWikiID","Cluster 2"
"493","ALICE'S_ADVENTURES_IN_WONDERLAND_Q92640","Cluster 4"
"494","THE_NEW_ROAD_noWikiID","Cluster 4"
"495","THE_GOLDEN_AGE_noWikiID","Cluster 4"
"496","PENDENNIS_Q7162382","Cluster 3"
"497","VANITY_FAIR_(NOVEL)_Q612836","Cluster 3"
"498","GLENARVON_Q3771960","Cluster 3"
"499","CALLISTA_(NOVEL)_Q2934238","Cluster 4"
"500","ALTON_LOCKE_Q4736895","Cluster 4"
"501","THE_TRUMPET_noWikiID","Cluster 2"
"502","THE_LAST_DAYS_OF_POMPEII_Q1218985","Cluster 4"
"503","COUNT_ROBERT_OF_PARIS_noWikiID","Cluster 3"
"504","THE_SIGNAL-MAN_Q1002362","Cluster 4"
"505","THE_INTERESTING_NARRATIVE_OF_THE_LIFE_OF_OLAUDAH_EQUIANO_Q7742270","Cluster 4"
"506","NEWS_FROM_NOWHERE_Q7019506","Cluster 4"
"507","THE_GREEN_CARNATION_Q7738140","Cluster 4"
"508","HYMNS_IN_PROSE_FOR_CHILDREN_Q9005648","Cluster 4"
"509","THE_CASTLES_OF_ATHLIN_AND_DUNBAYNE_Q7721600","Cluster 3"
"510","THE_COMING_OF_CUCULAIN_noWikiID","Cluster 4"
"511","MARY_BARTON_Q2607078","Cluster 3"
"512","ALLAN_QUATERMAIN_(NOVEL)_Q4062545","Cluster 3"
"513","THE_CHIMES_Q3828573","Cluster 4"
"514","THE_HOUSE_BY_THE_CHURCHYARD_Q4165605","Cluster 4"
"515","THE_CHANNINGS_(NOVEL)_Q7722115","Cluster 3"
"516","THE_ORDEAL_OF_RICHARD_FEVEREL_Q14476502","Cluster 4"
"517","A_MODEST_PROPOSAL_Q264143","Cluster 4"
"518","THE_LANCASHIRE_WITCHES_Q7745322","Cluster 4"
"519","A_PAIR_OF_BLUE_EYES_Q2931240","Cluster 2"
"520","SING_A_SONG_OF_SIXPENCE_noWikiID","Cluster 4"
"521","LOSS_AND_GAIN_Q3259809","Cluster 4"
"522","MAZEPPA_noWikiID","Cluster 4"
"523","MICAH_CLARKE_Q3050442","Cluster 3"
"524","ST_IVES_Q4675044","Cluster 4"
"525","THE_HISTORY_OF_LITTLE_GOODY_TWO-SHOES_Q12060236","Cluster 4"
"526","IN_A_GLASS_DARKLY_Q6011356","Cluster 4"
"527","AN_APOLOGY_FOR_THE_LIFE_OF_MRS._SHAMELA_ANDREWS_Q2743569","Cluster 4"
"528","A_COMPLETE_COLLECTION_OF_GENTEEL_AND_INGENIOUS_CONVERSATION_Q4656050","Cluster 4"
"529","JESSICA'S_FIRST_PRAYER_noWikiID","Cluster 4"
"530","SALEM_CHAPEL_noWikiID","Cluster 4"
"531","THE_QUADROON_noWikiID","Cluster 3"
"532","LOST_DIARIES_noWikiID","Cluster 4"
"533","CARNIVAL_noWikiID","Cluster 4"
"534","MANSFIELD_PARK_Q469690","Cluster 4"
"535","ZOE_noWikiID","Cluster 4"
"536","ALMAYER'S_FOLLY_Q2404359","Cluster 4"
"537","A_STORY_OF_THE_STONE_AGE_Q4659835","Cluster 3"
"538","THE_WHITE_ROOM_noWikiID","Cluster 4"
"539","THE_TALE_OF_MR_JEREMY_FISHER_noWikiID","Cluster 4"
"540","ERIC_OR_LITTLE_BY_LITTLE_Q5385958","Cluster 4"
"541","KNOCKNAGOW_noWikiID","Cluster 4"
"542","ARTHUR_MERVYN_Q4799713","Cluster 3"
"543","CALEB_WILLIAMS_Q7784409","Cluster 3"
"544","MARIA_OR_THE_WRONGS_OF_WOMAN_Q890170","Cluster 4"
"545","THE_ADVENTURES_OF_DAVID_SIMPLE_noWikiID","Cluster 2"
"546","THE_BICKERSTAFF_PAPERS_noWikiID","Cluster 3"
"547","LIBER_AMORIS_noWikiID","Cluster 4"
"548","MATHILDA_Q3851863","Cluster 4"
"549","IMAGINARY_PORTRAITS_noWikiID","Cluster 4"
"550","THE_TIME_MACHINE_Q627333","Cluster 4"
"551","HAUNTINGS_noWikiID","Cluster 3"
"552","UNDER_THE_GREENWOOD_TREE_Q2251594","Cluster 4"
"553","MADAM_HOW_AND_LADY_WHY_noWikiID","Cluster 4"
"554","FAR_FROM_THE_MADDING_CROWD_Q5642996","Cluster 3"
"555","THE_THORN_IN_THE_FLESH_noWikiID","Cluster 4"
"556","THE_EXPEDITION_OF_HUMPHRY_CLINKER_Q3203413","Cluster 2"
"557","AMY_FOSTER_Q4749187","Cluster 4"
"558","THE_DARK_FLOWER_noWikiID","Cluster 4"
"559","THE_CROWN_OF_SUCCESS_noWikiID","Cluster 4"
"560","A_POLITICAL_ROMANCE_Q4658949","Cluster 4"
"561","THE_LIGHTHOUSE_noWikiID","Cluster 4"
"562","THE_VIRGINIANS_Q7772832","Cluster 4"
"563","THE_ROSARY_noWikiID","Cluster 4"
"564","HEREWARD_THE_WAKE_(NOVEL)_Q5738318","Cluster 4"
"565","THE_CLOISTER_AND_THE_HEARTH_Q7723455","Cluster 3"
"566","IN_THE_YEAR_OF_JUBILEE_Q19572195","Cluster 3"
"567","THE_REVOLUTION_IN_TANNER'S_LANE_noWikiID","Cluster 4"
"568","LIFE'S_LITTLE_IRONIES_noWikiID","Cluster 4"
"569","PANDORA_noWikiID","Cluster 4"
"570","THE_NOTTING_HILL_MYSTERY_Q7754437","Cluster 4"
"571","CHARLOTTE_TEMPLE_noWikiID","Cluster 4"
"572","THE_ABSENTEE_Q7712149","Cluster 4"
"573","THE_SECRET_GARDEN_Q472194","Cluster 4"
"574","THE_HISTORY_OF_THE_NUN_Q7739821","Cluster 4"
"575","THE_SECRET_SHARER_noWikiID","Cluster 4"
"576","UNDER_WESTERN_EYES_(NOVEL)_Q3685905","Cluster 3"
"577","SPIES_OF_THE_KAISER_noWikiID","Cluster 4"
"578","UNKNOWN_TO_HISTORY_noWikiID","Cluster 4"
"579","THE_WELL-BELOVED_Q2906193","Cluster 4"
"580","WITH_THE_NIGHT_MAIL_noWikiID","Cluster 4"
"581","HERMSPRONG_Q5742104","Cluster 4"
"582","CHANCE_Q793748","Cluster 4"
"583","THE_BRITISH_BARBARIANS_noWikiID","Cluster 4"
"584","THE_MIRROR_OF_THE_SEA_noWikiID","Cluster 4"
"585","TIME_AND_THE_GODS_Q7805268","Cluster 4"
"586","DAUGHTERS_OF_MEN_noWikiID","Cluster 4"
"587","THE_MAN_WHO_WAS_THURSDAY_Q959816","Cluster 4"
"588","THE_MURDERED_COUSIN_noWikiID","Cluster 4"
"589","CRANFORD_(NOVEL)_Q265100","Cluster 4"
"590","THE_SEAFARER_noWikiID","Cluster 4"
"591","THE_MYSTERIES_OF_LONDON_Q7752831","Cluster 4"
"592","WILD_ANIMALS_I_HAVE_KNOWN_Q8000500","Cluster 4"
"593","SARTOR_RESARTUS_Q1134140","Cluster 4"
"594","A_CHRISTMAS_CAROL_Q62879","Cluster 4"
"595","A_DARK_NIGHT'S_WORK_Q16385401","Cluster 4"
"596","AT_THE_END_OF_THE_PASSAGE_noWikiID","Cluster 4"
"597","A_HOLIDAY_ROMANCE_noWikiID","Cluster 4"
"598","THE_ROSE_AND_THE_RING_Q7761552","Cluster 4"
"599","THE_LIFE_OF_JOHN_BUNCLE_noWikiID","Cluster 4"
"600","LITTLE_LORD_FAUNTLEROY_Q387480","Cluster 4"
"601","THE_NEW_MAGDALEN_noWikiID","Cluster 4"
"602","ORIGINAL_STORIES_FROM_REAL_LIFE_Q2705647","Cluster 4"
"603","A_SON_OF_THE_SOIL_Q106040512","Cluster 4"
"604","A_HOUSE_TO_LET_Q4657430","Cluster 4"
"605","THE_FROZEN_DEEP_Q7735382","Cluster 4"
"606","FOR_THE_TERM_OF_HIS_NATURAL_LIFE_noWikiID","Cluster 4"
"607","HENRY_DUNBAR_noWikiID","Cluster 4"
"608","THE_PRINCESS_AND_THE_GOBLIN_Q466505","Cluster 4"
"609","NIGHT_AND_MORNING_noWikiID","Cluster 4"
"610","CROTCHET_CASTLE_Q5188976","Cluster 4"
"611","MEMOIRS_OF_CARWIN_THE_BILOQUIST_Q6815263","Cluster 4"
"612","MAN_AND_WIFE_(NOVEL)_Q16386863","Cluster 2"
"613","ENNUI_Q117149111","Cluster 4"
"614","A_STUDY_IN_SCARLET_Q223131","Cluster 4"
"615","THE_ITALIAN_(RADCLIFFE_NOVEL)_Q3204370","Cluster 4"
"616","THE_POINT_OF_VIEW_noWikiID","Cluster 4"
"617","WET_MAGIC_noWikiID","Cluster 4"
"618","THE_HAUNTED_HOUSE_Q6073289","Cluster 4"
"619","THE_HISTORY_OF_MR_POLLY_Q2507552","Cluster 4"
"620","LOVE_AND_MADNESS_Q6691643","Cluster 4"
"621","THE_LOUGH_DERG_PILGRIM_noWikiID","Cluster 4"
"622","STELLA_MARIS_noWikiID","Cluster 4"
"623","THE_EUSTACE_DIAMONDS_Q7732627","Cluster 1"
"624","FLATLAND_noWikiID","Cluster 4"
"625","DE_PROFUNDIS_(LETTER)_Q1249459","Cluster 4"
"626","A_RIDE_ACROSS_PALESTINE_noWikiID","Cluster 4"
"627","THE_EXECUTOR_noWikiID","Cluster 4"
"628","THE_BATTLE_OF_DORKING_Q7715857","Cluster 4"
"629","DUBLINERS_Q459592","Cluster 4"
"630","THE_SECRET_AGENT_Q1247666","Cluster 4"
"631","THE_OLD_ENGLISH_BARON_Q3796165","Cluster 3"
"632","TALES_FROM_SHAKESPEARE_Q589197","Cluster 4"
"633","THE_JOLLY_CORNER_Q15240001","Cluster 4"
"634","MIDDLEMARCH_Q313129","Cluster 3"
"635","GRANNY'S_WONDERFUL_CHAIR_noWikiID","Cluster 4"
"636","THE_MISFORTUNES_OF_ELPHIN_Q7751712","Cluster 4"
"637","EVENINGS_AT_HOME_Q5416654","Cluster 4"
"638","THE_KING_OF_THE_GOLDEN_RIVER_Q14476439","Cluster 4"
"639","CITY_SCENES_noWikiID","Cluster 4"
"640","THE_FIGURE_IN_THE_CARPET_Q3224800","Cluster 4"
"641","ZASTROZZI_Q8067086","Cluster 4"
"642","THE_CRICKET_ON_THE_HEARTH_Q825220","Cluster 4"
"643","CARROTS_noWikiID","Cluster 4"
"644","WAYFARERS_noWikiID","Cluster 4"
"645","HARD_TIMES_(NOVEL)_Q1340493","Cluster 3"
"646","BLEAK_HOUSE_Q883305","Cluster 1"
"647","THE_VICAR_OF_WAKEFIELD_Q1196205","Cluster 2"
"648","RUTH_Q80038","Cluster 2"
"649","ODOUR_OF_CHRYSANTHEMUMS_Q7078330","Cluster 4"
"650","ACTIONS_AND_REACTIONS_noWikiID","Cluster 4"
"651","FIVE_CHILDREN_AND_IT_noWikiID","Cluster 3"
"652","THE_GENTLEMAN_noWikiID","Cluster 3"
"653","BROKEN_TO_HARNESS_noWikiID","Cluster 3"
"654","DOCTOR_THORNE_noWikiID","Cluster 1"
"655","SYLVIE_AND_BRUNO_Q1632505","Cluster 4"
"656","THE_PRINCESS_CASAMASSIMA_Q3211932","Cluster 1"
"657","ROBERT_ELSMERE_Q7344052","Cluster 1"
"658","THE_MEMOIRS_OF_MISS_SIDNEY_BIDULPH_Q124661412","Cluster 1"
"659","VATHEK_Q54548","Cluster 4"
"660","CELESTINA_Q583705","Cluster 2"
"661","EMMELINE_Q5373421","Cluster 1"
"662","A_SICILIAN_ROMANCE_Q979649","Cluster 2"
"663","CONFESSIONS_OF_AN_ENGLISH_OPIUM-EATER_Q1610128","Cluster 4"
"664","MELMOTH_THE_WANDERER_Q1475956","Cluster 3"
"665","FRANKENSTEIN_Q150827","Cluster 2"
"666","THE_VAMPYRE_Q509070","Cluster 4"
"667","THE_WIND_IN_THE_WILLOWS_Q936276","Cluster 4"
"668","THE_FOOD_OF_THE_GODS_AND_HOW_IT_CAME_TO_EARTH_Q1215802","Cluster 2"
"669","THE_COUNTRY_OF_THE_BLIND_Q823691","Cluster 4"
"670","TWO_LITTLE_SAVAGES_noWikiID","Cluster 4"
"671","THE_OLD_MANOR_HOUSE_Q96409526","Cluster 1"
"672","ANNA_ST_IVES_noWikiID","Cluster 3"
"673","A_SIMPLE_STORY_Q4659531","Cluster 2"
"674","THE_PICTURE_OF_DORIAN_GRAY_Q82464","Cluster 4"
"675","A_MERE_ACCIDENT_noWikiID","Cluster 3"
"676","A_ROMANCE_OF_TWO_WORLDS_Q4659270","Cluster 3"
"677","NEW_ARABIAN_NIGHTS_noWikiID","Cluster 3"
"678","SUNRISE_noWikiID","Cluster 2"
"679","THE_PURCELL_PAPERS_Q7758781","Cluster 3"
